vehicle_id,registration_number,vin,manufacturer,model,variant,manufacturing_year,purchase_date,vehicle_class,fuel_type,engine_type,engine_capacity_cc,transmission,drivetrain,color,seating_capacity,gross_vehicle_weight_kg,payload_capacity_kg,fuel_tank_capacity_l,warranty_expiry,insurance_policy_id,current_odometer_km,assigned_depot,status,last_service_date
V0001,KL-13-XZ-9769,VIN31479034633233,Ashok Leyland,Boss,1415,2025,12/24/2025,Truck,Diesel,Inline-4,3800,Manual,RWD,White,2,13592,7995,120,12/23/2030,POL696099,78853,Thrissur,Maintenance,8/30/2028
V0002,KL-02-NL-9576,VIN90133223714841,Toyota,Hilux,2.8 GD,2024,5/16/2024,Pickup,Diesel,Inline-4,2800,Manual,RWD,Grey,5,1448,335,41,5/15/2029,POL614182,138347,Kochi,Active,8/27/2026
V0003,KL-14-YX-2867,VIN62892063499710,Tata,Nexon,XZ+,2020,9/8/2020,SUV,Diesel,Inline-4,1500,Manual,RWD,White,5,2137,451,58,9/7/2025,POL498610,80729,Trivandrum,Active,11/16/2022
V0004,KL-12-YY-9585,VIN32141923857944,Toyota,Hilux,2.8 GD,2020,7/8/2020,Pickup,Diesel,Inline-4,2800,Manual,RWD,Red,5,1630,418,67,7/7/2025,POL868396,69176,Kochi,Maintenance,9/23/2021
V0005,KL-04-JF-1656,VIN14540154556359,Toyota,Hilux,2.8 GD,2024,7/13/2024,Pickup,Diesel,Inline-4,2800,Manual,RWD,Blue,5,2049,669,70,7/12/2029,POL867786,94048,Trivandrum,Active,6/22/2026
V0006,KL-05-IV-6652,VIN51297999908835,Toyota,Corolla,1.8 G,2025,9/24/2025,Sedan,Petrol,Inline-4,1800,Automatic,FWD,Silver,5,1755,545,62,9/23/2030,POL203891,54060,Kozhikode,Active,1/18/2026
V0007,KL-14-TK-8117,VIN19618168984399,Mahindra,Scorpio N,Z8,2020,12/9/2020,SUV,Diesel,Inline-4,2200,Automatic,RWD,Red,5,1280,470,67,12/8/2025,POL880775,141242,Palakkad,Maintenance,6/2/2021
V0008,KL-08-EF-1176,VIN70772000072906,Tata,Nexon,XZ+,2022,4/2/2022,SUV,Diesel,Inline-4,1500,Manual,RWD,Blue,5,1823,681,53,4/1/2027,POL419934,31187,Trivandrum,Maintenance,6/10/2023
V0009,KL-05-ZI-1029,VIN87324333529005,Tata,Nexon,XZ+,2021,6/8/2021,SUV,Diesel,Inline-4,1500,Manual,RWD,Red,5,1871,548,48,6/7/2026,POL255295,127078,Trivandrum,Active,4/14/2023
V0010,KL-04-IF-4802,VIN27545716461009,Mahindra,Scorpio N,Z8,2024,1/8/2024,SUV,Diesel,Inline-4,2200,Automatic,RWD,Blue,5,1442,690,60,1/6/2029,POL529805,127949,Thrissur,Maintenance,7/24/2027
V0011,KL-01-YH-4697,VIN65646488045951,Ashok Leyland,Boss,1415,2023,7/26/2023,Truck,Diesel,Inline-4,3800,Manual,RWD,Silver,2,14942,4790,137,7/24/2028,POL455778,31045,Kozhikode,Active,6/18/2024
V0012,KL-02-IH-4351,VIN42994314759169,Ashok Leyland,Boss,1415,2024,3/26/2024,Truck,Diesel,Inline-4,3800,Manual,RWD,Blue,2,11120,3762,162,3/25/2029,POL259996,46002,Kozhikode,Active,7/4/2024
V0013,KL-05-CI-2338,VIN22457187164817,Toyota,Hilux,2.8 GD,2025,4/8/2025,Pickup,Diesel,Inline-4,2800,Manual,RWD,White,5,1536,324,63,4/7/2030,POL335483,131340,Kozhikode,Active,11/21/2027
V0014,KL-12-RK-3931,VIN37904368201972,Ashok Leyland,Boss,1415,2025,2/16/2025,Truck,Diesel,Inline-4,3800,Manual,RWD,Blue,2,13836,6433,160,2/15/2030,POL761539,14485,Kozhikode,Active,9/9/2025
V0015,KL-11-YD-1503,VIN66122030549431,Tata,Nexon,XZ+,2019,12/20/2019,SUV,Diesel,Inline-4,1500,Manual,RWD,Blue,5,2194,593,46,12/18/2024,POL749649,141543,Kochi,Active,8/10/2022
V0016,KL-11-PC-4319,VIN38565066861715,Toyota,Corolla,1.8 G,2019,4/5/2019,Sedan,Petrol,Inline-4,1800,Automatic,FWD,Black,5,1225,467,54,4/3/2024,POL576179,79956,Trivandrum,Active,8/9/2019
V0017,KL-02-UP-1597,VIN53519331317558,Mahindra,Scorpio N,Z8,2025,8/3/2025,SUV,Diesel,Inline-4,2200,Automatic,RWD,Red,5,1466,586,62,8/2/2030,POL117251,90138,Trivandrum,Active,1/4/2027
V0018,KL-13-XZ-6469,VIN95536225749480,Tata,Nexon,XZ+,2025,5/2/2025,SUV,Diesel,Inline-4,1500,Manual,RWD,White,5,1233,696,65,5/1/2030,POL266015,75234,Trivandrum,Maintenance,5/27/2028
V0019,KL-03-HL-8002,VIN82505988607680,Toyota,Corolla,1.8 G,2023,5/26/2023,Sedan,Petrol,Inline-4,1800,Automatic,FWD,Red,5,1276,580,58,5/24/2028,POL133085,137240,Palakkad,Active,10/8/2025
V0020,KL-11-XY-4314,VIN73177822720075,Tata,Nexon,XZ+,2025,4/13/2025,SUV,Diesel,Inline-4,1500,Manual,RWD,White,5,1671,340,60,4/12/2030,POL977840,16072,Kochi,Active,2/8/2028
V0021,KL-01-MG-8036,VIN96551593808341,Eicher,Pro 2049,LNT,2021,6/23/2021,Truck,Diesel,Inline-4,3000,Manual,RWD,Grey,2,9532,6471,219,6/22/2026,POL394246,154211,Palakkad,Active,6/2/2025
V0022,KL-02-HA-2189,VIN83405459406565,Toyota,Hilux,2.8 GD,2020,11/19/2020,Pickup,Diesel,Inline-4,2800,Manual,RWD,Grey,5,1943,563,43,11/18/2025,POL736993,13659,Trivandrum,Active,1/31/2024
V0023,KL-06-YJ-9929,VIN46521136357756,Tata,Nexon,XZ+,2019,8/10/2019,SUV,Diesel,Inline-4,1500,Manual,RWD,Grey,5,1881,359,44,8/8/2024,POL637874,88516,Trivandrum,Active,8/29/2022
V0024,KL-07-MH-6582,VIN77512020041615,Eicher,Pro 2049,LNT,2020,5/27/2020,Truck,Diesel,Inline-4,3000,Manual,RWD,White,2,13483,7058,244,5/26/2025,POL528596,132917,Trivandrum,Active,7/20/2021
V0025,KL-08-AU-5625,VIN73450655134958,Mahindra,Scorpio N,Z8,2024,5/3/2024,SUV,Diesel,Inline-4,2200,Automatic,RWD,Red,5,1279,437,57,5/2/2029,POL313371,94272,Thrissur,Active,9/26/2026
V0026,KL-04-YJ-7910,VIN47417431934418,Ashok Leyland,Boss,1415,2023,11/14/2023,Truck,Diesel,Inline-4,3800,Manual,RWD,White,2,15733,5912,233,11/12/2028,POL400259,93501,Thrissur,Maintenance,5/5/2026
V0027,KL-06-XI-9137,VIN75995079770457,Ashok Leyland,Boss,1415,2020,10/6/2020,Truck,Diesel,Inline-4,3800,Manual,RWD,Silver,2,10422,7492,123,10/5/2025,POL550598,106890,Kochi,Active,5/17/2022
V0028,KL-14-DW-4911,VIN87610484949552,Tata,Nexon,XZ+,2020,6/14/2020,SUV,Diesel,Inline-4,1500,Manual,RWD,Red,5,1773,301,58,6/13/2025,POL346811,118324,Kochi,Active,11/16/2020
V0029,KL-04-KP-4337,VIN42183960788243,Eicher,Pro 2049,LNT,2024,4/28/2024,Truck,Diesel,Inline-4,3000,Manual,RWD,White,2,7380,3181,120,4/27/2029,POL148707,135477,Kozhikode,Active,12/20/2024
V0030,KL-07-DI-2895,VIN39099069161186,Eicher,Pro 2049,LNT,2019,7/3/2019,Truck,Diesel,Inline-4,3000,Manual,RWD,Silver,2,12149,6176,231,7/1/2024,POL447974,88085,Kozhikode,Maintenance,11/28/2022
V0031,KL-05-BE-1143,VIN35663367996231,Tata,Nexon,XZ+,2021,6/17/2021,SUV,Diesel,Inline-4,1500,Manual,RWD,White,5,1729,613,57,6/16/2026,POL128008,129809,Thrissur,Active,6/23/2022
V0032,KL-05-HR-7016,VIN20019801287349,Ashok Leyland,Boss,1415,2024,5/13/2024,Truck,Diesel,Inline-4,3800,Manual,RWD,Grey,2,8406,6117,250,5/12/2029,POL595608,83124,Kochi,Active,1/5/2028
V0033,KL-05-AN-4365,VIN82360404135866,Ashok Leyland,Boss,1415,2022,2/23/2022,Truck,Diesel,Inline-4,3800,Manual,RWD,Blue,2,14609,6828,211,2/22/2027,POL804517,98254,Kochi,Active,3/15/2023
V0034,KL-05-TY-5082,VIN72734026970853,Eicher,Pro 2049,LNT,2021,7/15/2021,Truck,Diesel,Inline-4,3000,Manual,RWD,Grey,2,15284,5108,152,7/14/2026,POL764824,49245,Kochi,Active,4/23/2025
V0035,KL-07-ZU-2486,VIN37958058535552,Toyota,Hilux,2.8 GD,2022,12/27/2022,Pickup,Diesel,Inline-4,2800,Manual,RWD,White,5,1696,432,60,12/26/2027,POL701230,130146,Kozhikode,Active,3/29/2025
V0036,KL-04-PM-5748,VIN95822228718786,Toyota,Hilux,2.8 GD,2024,5/27/2024,Pickup,Diesel,Inline-4,2800,Manual,RWD,Red,5,2160,572,64,5/26/2029,POL515881,58144,Trivandrum,Active,2/18/2027
V0037,KL-10-AD-3405,VIN73828148353840,Toyota,Corolla,1.8 G,2025,12/21/2025,Sedan,Petrol,Inline-4,1800,Automatic,FWD,Silver,5,1542,358,58,12/20/2030,POL392423,5869,Thrissur,Maintenance,7/6/2028
V0038,KL-11-ZE-9993,VIN43298914299056,Ashok Leyland,Boss,1415,2020,5/12/2020,Truck,Diesel,Inline-4,3800,Manual,RWD,White,2,10995,6818,231,5/11/2025,POL726159,21285,Kozhikode,Active,5/19/2023
V0039,KL-01-NJ-6115,VIN43566006536419,Eicher,Pro 2049,LNT,2020,10/8/2020,Truck,Diesel,Inline-4,3000,Manual,RWD,Silver,2,10373,4910,171,10/7/2025,POL906128,160181,Kochi,Maintenance,12/16/2023
V0040,KL-10-JR-5797,VIN27028203942704,Toyota,Corolla,1.8 G,2023,11/24/2023,Sedan,Petrol,Inline-4,1800,Automatic,FWD,Black,5,1892,370,47,11/22/2028,POL344778,128747,Kozhikode,Active,6/16/2027
V0041,KL-06-KR-1082,VIN87107470606551,Tata,Nexon,XZ+,2022,8/10/2022,SUV,Diesel,Inline-4,1500,Manual,RWD,Silver,5,1482,451,49,8/9/2027,POL806258,69482,Palakkad,Active,12/9/2022
V0042,KL-10-DJ-2377,VIN91690103010872,Ashok Leyland,Boss,1415,2021,12/16/2021,Truck,Diesel,Inline-4,3800,Manual,RWD,White,2,8062,7101,125,12/15/2026,POL238953,111047,Kozhikode,Active,10/15/2024
V0043,KL-10-YZ-6557,VIN22212396532328,Tata,Nexon,XZ+,2019,9/23/2019,SUV,Diesel,Inline-4,1500,Manual,RWD,Silver,5,2118,450,54,9/21/2024,POL517935,141088,Thrissur,Active,6/1/2023
V0044,KL-14-OE-2080,VIN71347437051992,Toyota,Hilux,2.8 GD,2025,1/11/2025,Pickup,Diesel,Inline-4,2800,Manual,RWD,Silver,5,1280,612,59,1/10/2030,POL186840,153562,Kozhikode,Maintenance,5/16/2025
V0045,KL-09-PR-2143,VIN84204543185735,Toyota,Hilux,2.8 GD,2023,9/22/2023,Pickup,Diesel,Inline-4,2800,Manual,RWD,Silver,5,1301,402,44,9/20/2028,POL741665,131309,Trivandrum,Maintenance,5/26/2027
V0046,KL-03-YX-2083,VIN10843760164484,Mahindra,Scorpio N,Z8,2019,6/8/2019,SUV,Diesel,Inline-4,2200,Automatic,RWD,Red,5,1681,451,65,6/6/2024,POL508440,163089,Kochi,Active,6/17/2022
V0047,KL-01-MP-2870,VIN22199573372895,Mahindra,Scorpio N,Z8,2023,9/19/2023,SUV,Diesel,Inline-4,2200,Automatic,RWD,Red,5,1335,515,45,9/17/2028,POL107998,162610,Kozhikode,Maintenance,12/4/2026
V0048,KL-06-NT-5348,VIN71410217746495,Tata,Nexon,XZ+,2023,4/3/2023,SUV,Diesel,Inline-4,1500,Manual,RWD,Silver,5,2057,309,41,4/1/2028,POL590386,5527,Trivandrum,Active,8/14/2024
V0049,KL-01-ZQ-6057,VIN32941187042675,Mahindra,Scorpio N,Z8,2023,8/9/2023,SUV,Diesel,Inline-4,2200,Automatic,RWD,Silver,5,1567,386,42,8/7/2028,POL452100,28490,Trivandrum,Active,4/22/2026
V0050,KL-02-YI-1871,VIN15543674454867,Ashok Leyland,Boss,1415,2022,10/24/2022,Truck,Diesel,Inline-4,3800,Manual,RWD,Black,2,9367,5973,132,10/23/2027,POL677775,146116,Palakkad,Active,5/28/2023
V0051,KL-03-MF-9457,VIN44002153739282,Toyota,Hilux,2.8 GD,2023,5/10/2023,Pickup,Diesel,Inline-4,2800,Manual,RWD,Black,5,2132,699,45,5/8/2028,POL581222,13893,Trivandrum,Maintenance,12/13/2023
V0052,KL-08-EV-6766,VIN34163021495187,Ashok Leyland,Boss,1415,2024,5/11/2024,Truck,Diesel,Inline-4,3800,Manual,RWD,Red,2,13228,6595,126,5/10/2029,POL239043,81739,Palakkad,Active,6/2/2026
V0053,KL-02-HS-1652,VIN13296907132119,Eicher,Pro 2049,LNT,2021,3/5/2021,Truck,Diesel,Inline-4,3000,Manual,RWD,Red,2,15620,6304,133,3/4/2026,POL682999,60127,Kozhikode,Active,9/19/2024
V0054,KL-13-LY-7209,VIN77765419915934,Mahindra,Scorpio N,Z8,2021,1/26/2021,SUV,Diesel,Inline-4,2200,Automatic,RWD,Black,5,1510,397,69,1/25/2026,POL947569,88419,Kochi,Active,12/22/2021
V0055,KL-01-IU-1308,VIN48451290262087,Eicher,Pro 2049,LNT,2021,6/20/2021,Truck,Diesel,Inline-4,3000,Manual,RWD,Black,2,8068,3164,248,6/19/2026,POL633537,105165,Trivandrum,Active,6/2/2024
V0056,KL-14-RI-6436,VIN27656755046957,Toyota,Corolla,1.8 G,2024,8/28/2024,Sedan,Petrol,Inline-4,1800,Automatic,FWD,Black,5,1793,547,53,8/27/2029,POL205644,107962,Kochi,Active,8/12/2027
V0057,KL-04-RA-3095,VIN89042652549782,Toyota,Hilux,2.8 GD,2025,8/14/2025,Pickup,Diesel,Inline-4,2800,Manual,RWD,Silver,5,1369,606,65,8/13/2030,POL554093,14415,Palakkad,Maintenance,1/29/2026
V0058,KL-13-HO-2591,VIN17983594621725,Toyota,Corolla,1.8 G,2025,5/14/2025,Sedan,Petrol,Inline-4,1800,Automatic,FWD,Silver,5,2128,478,63,5/13/2030,POL483778,120288,Thrissur,Active,6/19/2027
V0059,KL-05-FJ-4711,VIN11695489890707,Toyota,Corolla,1.8 G,2021,8/7/2021,Sedan,Petrol,Inline-4,1800,Automatic,FWD,Grey,5,1842,464,63,8/6/2026,POL542872,170659,Thrissur,Active,3/14/2023
V0060,KL-14-YR-1767,VIN74746731459398,Mahindra,Scorpio N,Z8,2024,11/27/2024,SUV,Diesel,Inline-4,2200,Automatic,RWD,Red,5,1615,467,60,11/26/2029,POL414122,111898,Kozhikode,Active,4/20/2028
V0061,KL-03-TT-9508,VIN76273147467755,Toyota,Corolla,1.8 G,2021,4/18/2021,Sedan,Petrol,Inline-4,1800,Automatic,FWD,Red,5,1557,423,41,4/17/2026,POL333773,44599,Trivandrum,Maintenance,1/22/2023
V0062,KL-01-BB-5062,VIN60967805303614,Toyota,Corolla,1.8 G,2022,1/11/2022,Sedan,Petrol,Inline-4,1800,Automatic,FWD,Red,5,1411,363,63,1/10/2027,POL101503,29090,Kochi,Active,12/18/2025
V0063,KL-05-ZS-1449,VIN49222921620693,Ashok Leyland,Boss,1415,2023,5/20/2023,Truck,Diesel,Inline-4,3800,Manual,RWD,White,2,10746,6815,162,5/18/2028,POL805348,163650,Palakkad,Maintenance,10/23/2025
V0064,KL-01-BI-3317,VIN74785749009535,Toyota,Corolla,1.8 G,2021,1/9/2021,Sedan,Petrol,Inline-4,1800,Automatic,FWD,Red,5,1334,379,52,1/8/2026,POL645590,104080,Palakkad,Active,10/31/2023
V0065,KL-06-FY-2471,VIN77191184891044,Ashok Leyland,Boss,1415,2021,3/21/2021,Truck,Diesel,Inline-4,3800,Manual,RWD,Red,2,12384,3123,157,3/20/2026,POL256136,32427,Palakkad,Active,11/3/2021
V0066,KL-03-OS-6522,VIN94880979444219,Ashok Leyland,Boss,1415,2022,7/10/2022,Truck,Diesel,Inline-4,3800,Manual,RWD,Blue,2,14237,3682,216,7/9/2027,POL694884,164298,Thrissur,Active,10/8/2024
V0067,KL-14-HJ-8432,VIN18424582628668,Toyota,Hilux,2.8 GD,2023,4/13/2023,Pickup,Diesel,Inline-4,2800,Manual,RWD,Red,5,2024,346,64,4/11/2028,POL167553,154437,Palakkad,Active,10/18/2023
V0068,KL-09-LK-6488,VIN10161666696297,Mahindra,Scorpio N,Z8,2020,12/24/2020,SUV,Diesel,Inline-4,2200,Automatic,RWD,Black,5,1313,356,59,12/23/2025,POL599839,43631,Kochi,Maintenance,11/10/2023
V0069,KL-13-JL-6953,VIN63384621411887,Tata,Nexon,XZ+,2019,12/10/2019,SUV,Diesel,Inline-4,1500,Manual,RWD,Red,5,2177,534,64,12/8/2024,POL733477,133957,Thrissur,Active,10/2/2022
V0070,KL-05-UY-3826,VIN31433211618866,Tata,Nexon,XZ+,2020,3/4/2020,SUV,Diesel,Inline-4,1500,Manual,RWD,Grey,5,1702,386,44,3/3/2025,POL732371,37576,Kozhikode,Maintenance,6/26/2020
V0071,KL-07-EZ-8897,VIN54793543695113,Toyota,Hilux,2.8 GD,2024,4/4/2024,Pickup,Diesel,Inline-4,2800,Manual,RWD,White,5,1582,549,57,4/3/2029,POL248781,9138,Trivandrum,Active,12/16/2026
V0072,KL-11-GE-6491,VIN11748218154933,Toyota,Corolla,1.8 G,2022,3/19/2022,Sedan,Petrol,Inline-4,1800,Automatic,FWD,Blue,5,1968,398,61,3/18/2027,POL938646,12738,Palakkad,Maintenance,1/26/2023
V0073,KL-12-DZ-8916,VIN70159420792599,Toyota,Corolla,1.8 G,2024,11/8/2024,Sedan,Petrol,Inline-4,1800,Automatic,FWD,Silver,5,2167,640,40,11/7/2029,POL365391,19540,Palakkad,Maintenance,8/7/2028
V0074,KL-06-MS-1268,VIN55197267091515,Toyota,Corolla,1.8 G,2019,6/10/2019,Sedan,Petrol,Inline-4,1800,Automatic,FWD,Blue,5,1765,362,45,6/8/2024,POL309951,48723,Kochi,Active,6/26/2023
V0075,KL-12-FE-7551,VIN66548106280793,Tata,Nexon,XZ+,2023,3/27/2023,SUV,Diesel,Inline-4,1500,Manual,RWD,Black,5,1677,661,67,3/25/2028,POL469963,88562,Kozhikode,Active,3/17/2027
V0076,KL-10-LK-1591,VIN94033610940392,Mahindra,Scorpio N,Z8,2025,1/3/2025,SUV,Diesel,Inline-4,2200,Automatic,RWD,Red,5,1454,398,43,1/2/2030,POL107121,65576,Kochi,Active,6/2/2027
V0077,KL-06-CA-4841,VIN64069047908066,Mahindra,Scorpio N,Z8,2024,4/9/2024,SUV,Diesel,Inline-4,2200,Automatic,RWD,Black,5,1813,434,66,4/8/2029,POL459260,138462,Kozhikode,Maintenance,3/15/2026
V0078,KL-10-KH-9352,VIN98358769649057,Eicher,Pro 2049,LNT,2022,8/5/2022,Truck,Diesel,Inline-4,3000,Manual,RWD,Blue,2,10632,6717,136,8/4/2027,POL811618,91550,Kozhikode,Active,5/2/2025
V0079,KL-12-ET-2090,VIN62902596111090,Eicher,Pro 2049,LNT,2020,5/26/2020,Truck,Diesel,Inline-4,3000,Manual,RWD,White,2,15447,4036,192,5/25/2025,POL647145,72847,Kochi,Active,5/28/2023
V0080,KL-13-FZ-2142,VIN94203210000768,Toyota,Hilux,2.8 GD,2022,9/18/2022,Pickup,Diesel,Inline-4,2800,Manual,RWD,Silver,5,1483,492,58,9/17/2027,POL173963,121697,Kozhikode,Active,9/27/2023
V0081,KL-01-IR-3405,VIN65799626576207,Toyota,Hilux,2.8 GD,2025,2/18/2025,Pickup,Diesel,Inline-4,2800,Manual,RWD,Black,5,1999,324,54,2/17/2030,POL621915,66601,Kochi,Maintenance,4/9/2026
V0082,KL-06-XX-5767,VIN68336934051419,Ashok Leyland,Boss,1415,2020,3/12/2020,Truck,Diesel,Inline-4,3800,Manual,RWD,White,2,8905,5972,183,3/11/2025,POL462786,165147,Thrissur,Active,7/28/2022
V0083,KL-13-DJ-3776,VIN50381762103948,Tata,Nexon,XZ+,2021,1/17/2021,SUV,Diesel,Inline-4,1500,Manual,RWD,White,5,2095,362,67,1/16/2026,POL860426,10109,Kozhikode,Active,1/26/2025
V0084,KL-08-IR-6256,VIN60096032258718,Ashok Leyland,Boss,1415,2021,5/22/2021,Truck,Diesel,Inline-4,3800,Manual,RWD,Red,2,9101,7927,195,5/21/2026,POL342422,175459,Palakkad,Active,1/21/2025
V0085,KL-03-WJ-5932,VIN34835957198949,Ashok Leyland,Boss,1415,2020,8/24/2020,Truck,Diesel,Inline-4,3800,Manual,RWD,Silver,2,11181,4237,177,8/23/2025,POL699551,13267,Kozhikode,Active,1/9/2022
V0086,KL-05-GI-4213,VIN83193681533425,Ashok Leyland,Boss,1415,2021,1/5/2021,Truck,Diesel,Inline-4,3800,Manual,RWD,Red,2,7851,4742,227,1/4/2026,POL196934,130219,Kochi,Maintenance,5/9/2023
V0087,KL-02-CT-9733,VIN14214983829544,Ashok Leyland,Boss,1415,2024,12/18/2024,Truck,Diesel,Inline-4,3800,Manual,RWD,Red,2,14708,6643,160,12/17/2029,POL964939,173584,Kochi,Active,10/6/2025
V0088,KL-13-AI-5947,VIN49112610052702,Toyota,Hilux,2.8 GD,2021,11/24/2021,Pickup,Diesel,Inline-4,2800,Manual,RWD,White,5,2031,336,69,11/23/2026,POL666838,162077,Thrissur,Active,5/30/2023
V0089,KL-13-QI-6455,VIN31310688583514,Tata,Nexon,XZ+,2020,1/9/2020,SUV,Diesel,Inline-4,1500,Manual,RWD,Black,5,2067,318,43,1/7/2025,POL989317,146731,Kozhikode,Active,6/28/2023
V0090,KL-09-TC-8101,VIN59966638705767,Tata,Nexon,XZ+,2022,6/23/2022,SUV,Diesel,Inline-4,1500,Manual,RWD,Red,5,1976,402,53,6/22/2027,POL714620,179756,Palakkad,Maintenance,7/22/2026
V0091,KL-05-BN-9178,VIN22996503879947,Tata,Nexon,XZ+,2024,9/12/2024,SUV,Diesel,Inline-4,1500,Manual,RWD,Black,5,1612,613,46,9/11/2029,POL564965,55789,Kozhikode,Maintenance,3/8/2027
V0092,KL-11-NL-3267,VIN88229157186794,Toyota,Corolla,1.8 G,2021,3/11/2021,Sedan,Petrol,Inline-4,1800,Automatic,FWD,Silver,5,1383,494,57,3/10/2026,POL442119,23120,Palakkad,Active,7/27/2021
V0093,KL-03-ZY-1912,VIN64366414010003,Toyota,Corolla,1.8 G,2022,3/4/2022,Sedan,Petrol,Inline-4,1800,Automatic,FWD,Black,5,1865,604,54,3/3/2027,POL657511,37409,Palakkad,Active,6/18/2025
V0094,KL-01-BD-1682,VIN87661668740007,Ashok Leyland,Boss,1415,2020,5/22/2020,Truck,Diesel,Inline-4,3800,Manual,RWD,White,2,13386,3334,154,5/21/2025,POL996262,21796,Palakkad,Maintenance,5/16/2024
V0095,KL-05-OA-8257,VIN62779179296077,Ashok Leyland,Boss,1415,2023,11/27/2023,Truck,Diesel,Inline-4,3800,Manual,RWD,Black,2,10514,6966,172,11/25/2028,POL205684,33422,Thrissur,Active,5/30/2026
V0096,KL-08-JN-1720,VIN72235187176707,Ashok Leyland,Boss,1415,2019,1/28/2019,Truck,Diesel,Inline-4,3800,Manual,RWD,Silver,2,10046,6742,131,1/27/2024,POL622667,67679,Trivandrum,Active,10/1/2022
V0097,KL-03-QK-5079,VIN43147805087460,Eicher,Pro 2049,LNT,2020,6/24/2020,Truck,Diesel,Inline-4,3000,Manual,RWD,Black,2,14577,4083,223,6/23/2025,POL684718,41345,Kozhikode,Active,7/12/2024
V0098,KL-02-EN-1189,VIN35370722153032,Ashok Leyland,Boss,1415,2025,10/2/2025,Truck,Diesel,Inline-4,3800,Manual,RWD,Black,2,11527,5609,235,10/1/2030,POL743731,125216,Palakkad,Active,11/23/2028
V0099,KL-06-RU-9269,VIN91061859912497,Ashok Leyland,Boss,1415,2019,8/10/2019,Truck,Diesel,Inline-4,3800,Manual,RWD,Grey,2,14932,6441,163,8/8/2024,POL654382,111319,Palakkad,Maintenance,4/8/2021
V0100,KL-01-MY-2227,VIN48336625294233,Toyota,Hilux,2.8 GD,2021,8/11/2021,Pickup,Diesel,Inline-4,2800,Manual,RWD,Red,5,1572,624,46,8/10/2026,POL652128,150793,Kochi,Maintenance,9/19/2023
V0101,KL-05-FV-1020,VIN16609985529917,Mahindra,Scorpio N,Z8,2020,3/12/2020,SUV,Diesel,Inline-4,2200,Automatic,RWD,Blue,5,1607,369,51,3/11/2025,POL622953,8734,Thrissur,Active,2/4/2022
V0102,KL-12-LT-6632,VIN52116768792596,Toyota,Corolla,1.8 G,2021,1/12/2021,Sedan,Petrol,Inline-4,1800,Automatic,FWD,Grey,5,2078,696,65,1/11/2026,POL724569,60305,Palakkad,Active,4/27/2024
V0103,KL-08-RU-9557,VIN30975574290431,Tata,Nexon,XZ+,2022,6/6/2022,SUV,Diesel,Inline-4,1500,Manual,RWD,Red,5,1830,675,60,6/5/2027,POL729287,115830,Kozhikode,Active,6/26/2025
V0104,KL-13-BZ-3034,VIN93940298724507,Eicher,Pro 2049,LNT,2020,2/20/2020,Truck,Diesel,Inline-4,3000,Manual,RWD,Black,2,8443,7969,233,2/18/2025,POL448352,149637,Kochi,Active,5/26/2022
V0105,KL-11-HX-5834,VIN26159665466907,Toyota,Hilux,2.8 GD,2019,7/13/2019,Pickup,Diesel,Inline-4,2800,Manual,RWD,Blue,5,1485,302,50,7/11/2024,POL495143,10367,Kozhikode,Active,5/24/2020
V0106,KL-11-LG-8773,VIN62020946322352,Mahindra,Scorpio N,Z8,2025,6/8/2025,SUV,Diesel,Inline-4,2200,Automatic,RWD,Blue,5,2017,657,65,6/7/2030,POL425775,87537,Kochi,Active,9/16/2027
V0107,KL-12-ZK-4698,VIN68766355684794,Toyota,Hilux,2.8 GD,2024,10/28/2024,Pickup,Diesel,Inline-4,2800,Manual,RWD,Black,5,1303,515,51,10/27/2029,POL304036,45887,Palakkad,Active,7/13/2027
V0108,KL-12-ZM-7755,VIN54595684734148,Toyota,Hilux,2.8 GD,2024,9/19/2024,Pickup,Diesel,Inline-4,2800,Manual,RWD,Black,5,1776,308,63,9/18/2029,POL230971,6559,Palakkad,Active,8/5/2025
V0109,KL-14-QI-2843,VIN68301203058291,Toyota,Corolla,1.8 G,2023,12/3/2023,Sedan,Petrol,Inline-4,1800,Automatic,FWD,Grey,5,2113,375,51,12/1/2028,POL840612,20430,Palakkad,Active,8/26/2024
V0110,KL-12-VB-7752,VIN45535074357715,Mahindra,Scorpio N,Z8,2019,5/28/2019,SUV,Diesel,Inline-4,2200,Automatic,RWD,Blue,5,1486,329,56,5/26/2024,POL129395,93285,Thrissur,Active,1/8/2020
V0111,KL-09-EQ-2159,VIN24275835082417,Ashok Leyland,Boss,1415,2019,3/21/2019,Truck,Diesel,Inline-4,3800,Manual,RWD,Grey,2,13568,5966,239,3/19/2024,POL266362,122133,Thrissur,Active,5/11/2022
V0112,KL-10-XY-2103,VIN41092119667521,Mahindra,Scorpio N,Z8,2024,8/16/2024,SUV,Diesel,Inline-4,2200,Automatic,RWD,Blue,5,1612,447,61,8/15/2029,POL920382,153208,Thrissur,Active,5/19/2025
V0113,KL-04-NA-6293,VIN19475502963476,Toyota,Hilux,2.8 GD,2025,6/18/2025,Pickup,Diesel,Inline-4,2800,Manual,RWD,Silver,5,1539,689,60,6/17/2030,POL594520,155467,Trivandrum,Active,10/22/2025
V0114,KL-05-PS-7213,VIN47137310840486,Eicher,Pro 2049,LNT,2019,9/24/2019,Truck,Diesel,Inline-4,3000,Manual,RWD,Silver,2,9585,7916,130,9/22/2024,POL782980,113381,Kochi,Active,9/5/2020
V0115,KL-12-CK-9824,VIN70105789567698,Ashok Leyland,Boss,1415,2023,1/5/2023,Truck,Diesel,Inline-4,3800,Manual,RWD,Silver,2,9586,3143,245,1/4/2028,POL356430,89600,Thrissur,Active,8/21/2026
V0116,KL-04-LH-8532,VIN29889550299991,Toyota,Hilux,2.8 GD,2023,12/4/2023,Pickup,Diesel,Inline-4,2800,Manual,RWD,Red,5,1431,552,62,12/2/2028,POL198031,153423,Kochi,Active,12/28/2026
V0117,KL-05-KP-5833,VIN31001374074790,Eicher,Pro 2049,LNT,2024,10/9/2024,Truck,Diesel,Inline-4,3000,Manual,RWD,Blue,2,10650,3271,133,10/8/2029,POL658956,167471,Trivandrum,Active,7/1/2028
V0118,KL-14-KS-3079,VIN13181133384864,Mahindra,Scorpio N,Z8,2023,4/21/2023,SUV,Diesel,Inline-4,2200,Automatic,RWD,Red,5,1615,550,59,4/19/2028,POL652108,73409,Trivandrum,Active,8/22/2025
V0119,KL-09-RU-9526,VIN23148362842590,Mahindra,Scorpio N,Z8,2022,3/1/2022,SUV,Diesel,Inline-4,2200,Automatic,RWD,Silver,5,1834,474,52,2/28/2027,POL746955,82144,Trivandrum,Active,9/25/2025
V0120,KL-02-CQ-8623,VIN93574983324778,Toyota,Corolla,1.8 G,2022,6/4/2022,Sedan,Petrol,Inline-4,1800,Automatic,FWD,Grey,5,1810,391,62,6/3/2027,POL823038,131492,Kozhikode,Active,5/29/2023
V0121,KL-08-SM-8967,VIN88668996620455,Ashok Leyland,Boss,1415,2021,6/19/2021,Truck,Diesel,Inline-4,3800,Manual,RWD,Blue,2,7019,6688,200,6/18/2026,POL804276,19208,Thrissur,Active,7/9/2024
V0122,KL-07-UL-4472,VIN25106618794745,Eicher,Pro 2049,LNT,2025,1/11/2025,Truck,Diesel,Inline-4,3000,Manual,RWD,Red,2,7319,7031,204,1/10/2030,POL524372,117069,Palakkad,Active,11/20/2028
V0123,KL-02-CT-1034,VIN88378542689116,Tata,Nexon,XZ+,2023,5/18/2023,SUV,Diesel,Inline-4,1500,Manual,RWD,Silver,5,1449,356,70,5/16/2028,POL384161,28745,Trivandrum,Active,12/13/2026
V0124,KL-04-IL-6372,VIN37157617646744,Ashok Leyland,Boss,1415,2019,4/20/2019,Truck,Diesel,Inline-4,3800,Manual,RWD,Silver,2,11631,3502,202,4/18/2024,POL158509,147551,Trivandrum,Active,3/12/2020
V0125,KL-07-TZ-1735,VIN39493573235487,Eicher,Pro 2049,LNT,2020,5/25/2020,Truck,Diesel,Inline-4,3000,Manual,RWD,Silver,2,10060,4709,247,5/24/2025,POL533907,144845,Palakkad,Active,4/6/2023
V0126,KL-02-AT-5432,VIN14356364598683,Toyota,Hilux,2.8 GD,2023,6/23/2023,Pickup,Diesel,Inline-4,2800,Manual,RWD,Blue,5,1879,491,67,6/21/2028,POL431440,133297,Trivandrum,Active,5/17/2024
V0127,KL-14-ZX-8114,VIN90702922987042,Ashok Leyland,Boss,1415,2024,8/9/2024,Truck,Diesel,Inline-4,3800,Manual,RWD,Black,2,11711,5518,247,8/8/2029,POL241003,147082,Trivandrum,Maintenance,8/25/2026
V0128,KL-04-EA-6688,VIN65961783715239,Mahindra,Scorpio N,Z8,2021,12/9/2021,SUV,Diesel,Inline-4,2200,Automatic,RWD,White,5,1698,367,47,12/8/2026,POL777412,121691,Palakkad,Maintenance,12/25/2022
V0129,KL-02-WN-8630,VIN88419175980079,Toyota,Hilux,2.8 GD,2025,11/28/2025,Pickup,Diesel,Inline-4,2800,Manual,RWD,Blue,5,2180,310,41,11/27/2030,POL425550,54550,Kochi,Maintenance,11/3/2026
V0130,KL-09-DO-5131,VIN96072181082639,Ashok Leyland,Boss,1415,2021,11/28/2021,Truck,Diesel,Inline-4,3800,Manual,RWD,White,2,9685,5764,249,11/27/2026,POL395025,177149,Trivandrum,Active,3/27/2025
V0131,KL-07-XR-8866,VIN12830363711524,Eicher,Pro 2049,LNT,2019,9/21/2019,Truck,Diesel,Inline-4,3000,Manual,RWD,Black,2,11626,3417,156,9/19/2024,POL565801,174562,Kozhikode,Maintenance,6/12/2022
V0132,KL-11-QS-6417,VIN63450484983806,Toyota,Corolla,1.8 G,2022,7/20/2022,Sedan,Petrol,Inline-4,1800,Automatic,FWD,White,5,1272,674,57,7/19/2027,POL390321,155375,Trivandrum,Active,2/21/2024
V0133,KL-07-TN-5426,VIN13635709815713,Tata,Nexon,XZ+,2025,5/10/2025,SUV,Diesel,Inline-4,1500,Manual,RWD,Grey,5,2075,354,62,5/9/2030,POL861419,164140,Kochi,Active,9/11/2027
V0134,KL-06-UA-7327,VIN56080402897835,Toyota,Corolla,1.8 G,2024,2/4/2024,Sedan,Petrol,Inline-4,1800,Automatic,FWD,Blue,5,1327,459,68,2/2/2029,POL477951,73159,Kochi,Active,5/30/2025
V0135,KL-14-WO-3820,VIN60679497833247,Toyota,Hilux,2.8 GD,2021,9/10/2021,Pickup,Diesel,Inline-4,2800,Manual,RWD,Red,5,1731,630,58,9/9/2026,POL655930,143584,Kochi,Active,3/24/2023
V0136,KL-03-HO-2240,VIN28513203504283,Ashok Leyland,Boss,1415,2024,12/24/2024,Truck,Diesel,Inline-4,3800,Manual,RWD,White,2,15558,5371,178,12/23/2029,POL377696,112693,Kozhikode,Active,9/16/2026
V0137,KL-14-KA-1907,VIN49211088518628,Toyota,Corolla,1.8 G,2019,8/24/2019,Sedan,Petrol,Inline-4,1800,Automatic,FWD,White,5,1588,476,62,8/22/2024,POL411255,120574,Kozhikode,Active,1/10/2021
V0138,KL-12-KA-3590,VIN35120534450742,Mahindra,Scorpio N,Z8,2025,6/13/2025,SUV,Diesel,Inline-4,2200,Automatic,RWD,White,5,1988,335,44,6/12/2030,POL369002,62416,Kozhikode,Active,4/29/2027
V0139,KL-02-AT-3425,VIN74612825279618,Eicher,Pro 2049,LNT,2022,7/16/2022,Truck,Diesel,Inline-4,3000,Manual,RWD,Red,2,15338,6382,175,7/15/2027,POL394599,126431,Kozhikode,Active,1/25/2026
V0140,KL-01-CL-4746,VIN60696739209273,Toyota,Corolla,1.8 G,2025,12/8/2025,Sedan,Petrol,Inline-4,1800,Automatic,FWD,Blue,5,1599,392,61,12/7/2030,POL620198,76727,Trivandrum,Active,1/15/2027
V0141,KL-05-CO-4646,VIN65874553450856,Eicher,Pro 2049,LNT,2024,7/11/2024,Truck,Diesel,Inline-4,3000,Manual,RWD,Grey,2,15523,6101,187,7/10/2029,POL101513,170269,Kozhikode,Active,3/22/2027
V0142,KL-06-ON-8617,VIN36871438176285,Tata,Nexon,XZ+,2019,8/24/2019,SUV,Diesel,Inline-4,1500,Manual,RWD,Grey,5,1555,472,55,8/22/2024,POL836117,128642,Kochi,Active,3/25/2021
V0143,KL-12-QW-7399,VIN48260607355797,Toyota,Hilux,2.8 GD,2023,11/10/2023,Pickup,Diesel,Inline-4,2800,Manual,RWD,Blue,5,1872,378,48,11/8/2028,POL416716,99687,Palakkad,Active,8/31/2027
V0144,KL-02-VZ-3735,VIN66379180886972,Toyota,Hilux,2.8 GD,2021,9/27/2021,Pickup,Diesel,Inline-4,2800,Manual,RWD,Grey,5,1562,484,59,9/26/2026,POL161167,33003,Kozhikode,Active,11/27/2022
V0145,KL-04-TF-1707,VIN97917181671498,Eicher,Pro 2049,LNT,2019,3/15/2019,Truck,Diesel,Inline-4,3000,Manual,RWD,Grey,2,9156,6275,174,3/13/2024,POL871102,167021,Kochi,Maintenance,9/27/2021
V0146,KL-01-MW-6293,VIN40056525249484,Toyota,Corolla,1.8 G,2019,7/9/2019,Sedan,Petrol,Inline-4,1800,Automatic,FWD,Red,5,1841,577,70,7/7/2024,POL946655,43455,Trivandrum,Active,10/1/2021
V0147,KL-10-AB-9082,VIN24914669026857,Toyota,Hilux,2.8 GD,2024,5/25/2024,Pickup,Diesel,Inline-4,2800,Manual,RWD,Grey,5,2095,536,54,5/24/2029,POL591198,85960,Thrissur,Active,6/12/2025
V0148,KL-14-FC-7715,VIN21025757908735,Ashok Leyland,Boss,1415,2020,10/28/2020,Truck,Diesel,Inline-4,3800,Manual,RWD,Grey,2,12603,7599,171,10/27/2025,POL913564,137268,Kozhikode,Maintenance,1/18/2022
V0149,KL-06-UY-6638,VIN71314644737645,Toyota,Hilux,2.8 GD,2025,9/20/2025,Pickup,Diesel,Inline-4,2800,Manual,RWD,Red,5,1353,321,50,9/19/2030,POL615468,114319,Kozhikode,Active,7/17/2028
V0150,KL-07-TV-8425,VIN50353790909923,Mahindra,Scorpio N,Z8,2021,5/21/2021,SUV,Diesel,Inline-4,2200,Automatic,RWD,Blue,5,1596,664,46,5/20/2026,POL898213,99353,Trivandrum,Active,3/2/2024
V0151,KL-04-SQ-6617,VIN76334362286039,Ashok Leyland,Boss,1415,2020,9/12/2020,Truck,Diesel,Inline-4,3800,Manual,RWD,Red,2,7142,5753,167,9/11/2025,POL172982,106774,Kochi,Active,10/15/2023
V0152,KL-12-AA-2196,VIN11525359780731,Eicher,Pro 2049,LNT,2019,2/22/2019,Truck,Diesel,Inline-4,3000,Manual,RWD,Red,2,9899,7006,198,2/21/2024,POL996323,169479,Kozhikode,Active,9/15/2021
V0153,KL-07-DQ-8377,VIN20572094619636,Ashok Leyland,Boss,1415,2024,8/4/2024,Truck,Diesel,Inline-4,3800,Manual,RWD,Silver,2,8177,4588,158,8/3/2029,POL818083,86053,Kochi,Maintenance,2/4/2025
V0154,KL-12-MH-1283,VIN21425015811022,Mahindra,Scorpio N,Z8,2024,3/24/2024,SUV,Diesel,Inline-4,2200,Automatic,RWD,White,5,1250,695,68,3/23/2029,POL780441,111428,Kochi,Active,8/29/2024
V0155,KL-04-FQ-1714,VIN94062909800536,Toyota,Hilux,2.8 GD,2020,10/21/2020,Pickup,Diesel,Inline-4,2800,Manual,RWD,Silver,5,1500,446,67,10/20/2025,POL221830,41644,Kochi,Active,9/3/2024
V0156,KL-03-WG-8547,VIN61325442054401,Tata,Nexon,XZ+,2024,7/11/2024,SUV,Diesel,Inline-4,1500,Manual,RWD,Red,5,1459,642,43,7/10/2029,POL423478,89115,Kozhikode,Active,9/3/2025
V0157,KL-01-MZ-5642,VIN74529556485309,Ashok Leyland,Boss,1415,2021,4/21/2021,Truck,Diesel,Inline-4,3800,Manual,RWD,Red,2,14621,3859,126,4/20/2026,POL948913,62048,Trivandrum,Active,10/31/2022
V0158,KL-09-JI-2425,VIN50476927273593,Eicher,Pro 2049,LNT,2019,5/12/2019,Truck,Diesel,Inline-4,3000,Manual,RWD,Black,2,10828,3352,245,5/10/2024,POL549861,97308,Palakkad,Maintenance,8/30/2020
V0159,KL-13-VM-4005,VIN54390938240635,Toyota,Corolla,1.8 G,2021,1/11/2021,Sedan,Petrol,Inline-4,1800,Automatic,FWD,Grey,5,1200,635,70,1/10/2026,POL379463,148381,Palakkad,Maintenance,12/3/2024
V0160,KL-04-UI-6264,VIN11048200535350,Eicher,Pro 2049,LNT,2023,6/6/2023,Truck,Diesel,Inline-4,3000,Manual,RWD,Silver,2,11536,3561,224,6/4/2028,POL946526,79017,Kochi,Maintenance,10/24/2023
V0161,KL-12-HT-1664,VIN90001856589881,Tata,Nexon,XZ+,2025,9/15/2025,SUV,Diesel,Inline-4,1500,Manual,RWD,Black,5,1554,530,57,9/14/2030,POL510155,45064,Palakkad,Maintenance,7/6/2026
V0162,KL-10-ZR-6163,VIN12841089111219,Toyota,Hilux,2.8 GD,2022,1/13/2022,Pickup,Diesel,Inline-4,2800,Manual,RWD,Silver,5,1231,333,69,1/12/2027,POL779544,15642,Kochi,Active,10/8/2025
V0163,KL-03-PT-1313,VIN16353763508923,Eicher,Pro 2049,LNT,2022,2/16/2022,Truck,Diesel,Inline-4,3000,Manual,RWD,White,2,12880,6720,193,2/15/2027,POL955262,127942,Kozhikode,Active,3/6/2025
V0164,KL-05-WG-9374,VIN38317884883108,Tata,Nexon,XZ+,2022,5/5/2022,SUV,Diesel,Inline-4,1500,Manual,RWD,Grey,5,1938,446,69,5/4/2027,POL265327,163418,Kochi,Maintenance,5/10/2023
V0165,KL-05-OJ-4304,VIN63237503426733,Tata,Nexon,XZ+,2019,8/26/2019,SUV,Diesel,Inline-4,1500,Manual,RWD,Silver,5,1669,680,52,8/24/2024,POL848171,103147,Kochi,Active,1/20/2022
V0166,KL-02-PD-8562,VIN14034287118399,Ashok Leyland,Boss,1415,2019,5/25/2019,Truck,Diesel,Inline-4,3800,Manual,RWD,White,2,14233,5203,170,5/23/2024,POL466966,53180,Thrissur,Maintenance,10/14/2020
V0167,KL-07-VG-8383,VIN42221752173563,Eicher,Pro 2049,LNT,2020,5/23/2020,Truck,Diesel,Inline-4,3000,Manual,RWD,Blue,2,12962,4171,179,5/22/2025,POL411349,103871,Kochi,Active,11/5/2022
V0168,KL-06-YA-8751,VIN30353542576643,Mahindra,Scorpio N,Z8,2025,8/28/2025,SUV,Diesel,Inline-4,2200,Automatic,RWD,White,5,1894,361,45,8/27/2030,POL591115,130386,Thrissur,Active,9/13/2026
V0169,KL-04-EA-1756,VIN80667271443512,Toyota,Corolla,1.8 G,2022,2/7/2022,Sedan,Petrol,Inline-4,1800,Automatic,FWD,Grey,5,1259,412,62,2/6/2027,POL361225,108148,Palakkad,Active,9/22/2022
V0170,KL-10-XI-5466,VIN36376265188499,Toyota,Hilux,2.8 GD,2023,7/3/2023,Pickup,Diesel,Inline-4,2800,Manual,RWD,Red,5,1317,419,46,7/1/2028,POL421115,37022,Kozhikode,Maintenance,11/20/2024
V0171,KL-14-VD-2504,VIN83974540619384,Eicher,Pro 2049,LNT,2019,8/22/2019,Truck,Diesel,Inline-4,3000,Manual,RWD,Blue,2,12885,4799,222,8/20/2024,POL662493,27037,Thrissur,Active,8/7/2023
V0172,KL-04-AG-2758,VIN28494407727398,Toyota,Hilux,2.8 GD,2020,12/18/2020,Pickup,Diesel,Inline-4,2800,Manual,RWD,Silver,5,1357,587,64,12/17/2025,POL431642,116565,Thrissur,Maintenance,10/24/2022
V0173,KL-05-KC-6230,VIN48085611795586,Tata,Nexon,XZ+,2020,5/17/2020,SUV,Diesel,Inline-4,1500,Manual,RWD,Silver,5,1894,522,59,5/16/2025,POL726285,49149,Palakkad,Active,9/3/2020
V0174,KL-13-CI-9127,VIN17667455063788,Toyota,Hilux,2.8 GD,2021,2/10/2021,Pickup,Diesel,Inline-4,2800,Manual,RWD,Silver,5,2082,664,47,2/9/2026,POL140815,51850,Trivandrum,Active,4/16/2023
V0175,KL-14-UY-7627,VIN60949160056124,Eicher,Pro 2049,LNT,2021,11/15/2021,Truck,Diesel,Inline-4,3000,Manual,RWD,Blue,2,11183,7708,246,11/14/2026,POL383081,13702,Trivandrum,Active,9/11/2024
V0176,KL-14-SL-7727,VIN89920153031235,Toyota,Hilux,2.8 GD,2025,9/12/2025,Pickup,Diesel,Inline-4,2800,Manual,RWD,Silver,5,2066,570,70,9/11/2030,POL300514,67921,Kozhikode,Active,3/8/2026
V0177,KL-09-NN-2046,VIN86247522158155,Eicher,Pro 2049,LNT,2022,5/9/2022,Truck,Diesel,Inline-4,3000,Manual,RWD,Black,2,11115,7432,154,5/8/2027,POL463669,40743,Kochi,Active,10/8/2025
V0178,KL-10-WA-2277,VIN46606573119151,Ashok Leyland,Boss,1415,2020,12/20/2020,Truck,Diesel,Inline-4,3800,Manual,RWD,Blue,2,10880,4496,209,12/19/2025,POL415387,122560,Kozhikode,Maintenance,10/27/2022
V0179,KL-02-YM-1119,VIN92854996575375,Toyota,Hilux,2.8 GD,2023,7/14/2023,Pickup,Diesel,Inline-4,2800,Manual,RWD,Blue,5,1425,524,46,7/12/2028,POL511871,143985,Kochi,Active,3/26/2027
V0180,KL-10-WT-1290,VIN39222025795222,Ashok Leyland,Boss,1415,2021,4/14/2021,Truck,Diesel,Inline-4,3800,Manual,RWD,White,2,13553,5341,207,4/13/2026,POL880922,116792,Palakkad,Active,4/17/2022
V0181,KL-07-LK-4512,VIN90184981856507,Tata,Nexon,XZ+,2019,3/25/2019,SUV,Diesel,Inline-4,1500,Manual,RWD,Blue,5,1410,352,44,3/23/2024,POL741623,43084,Thrissur,Active,9/20/2019
V0182,KL-09-PZ-8846,VIN85901395992989,Ashok Leyland,Boss,1415,2024,1/14/2024,Truck,Diesel,Inline-4,3800,Manual,RWD,Grey,2,7563,4847,133,1/12/2029,POL591811,55284,Kozhikode,Active,4/27/2024
V0183,KL-06-EO-6927,VIN58140237394286,Ashok Leyland,Boss,1415,2023,6/20/2023,Truck,Diesel,Inline-4,3800,Manual,RWD,Black,2,7272,6523,141,6/18/2028,POL933604,119451,Kozhikode,Active,10/27/2026
V0184,KL-06-PE-2809,VIN99138826018598,Mahindra,Scorpio N,Z8,2023,11/20/2023,SUV,Diesel,Inline-4,2200,Automatic,RWD,Blue,5,1551,394,52,11/18/2028,POL290671,122104,Thrissur,Active,3/13/2027
V0185,KL-11-JD-5257,VIN32194614808940,Toyota,Hilux,2.8 GD,2022,3/24/2022,Pickup,Diesel,Inline-4,2800,Manual,RWD,Black,5,1997,361,66,3/23/2027,POL205768,40806,Trivandrum,Active,1/10/2023
V0186,KL-06-WU-2136,VIN94212416798901,Eicher,Pro 2049,LNT,2019,11/15/2019,Truck,Diesel,Inline-4,3000,Manual,RWD,Blue,2,14053,3351,245,11/13/2024,POL648116,35993,Trivandrum,Active,5/20/2023
V0187,KL-03-OT-3930,VIN10129625411191,Eicher,Pro 2049,LNT,2022,2/10/2022,Truck,Diesel,Inline-4,3000,Manual,RWD,Grey,2,15825,6097,193,2/9/2027,POL280238,63717,Palakkad,Active,4/5/2024
V0188,KL-12-ES-9441,VIN65946252834062,Toyota,Corolla,1.8 G,2022,12/23/2022,Sedan,Petrol,Inline-4,1800,Automatic,FWD,Blue,5,1331,500,42,12/22/2027,POL462576,46514,Kozhikode,Active,11/7/2024
V0189,KL-10-ZI-2916,VIN12491429702822,Eicher,Pro 2049,LNT,2025,9/16/2025,Truck,Diesel,Inline-4,3000,Manual,RWD,Red,2,12996,6652,147,9/15/2030,POL722663,175100,Thrissur,Active,9/16/2026
V0190,KL-07-HV-2746,VIN51773268290880,Tata,Nexon,XZ+,2025,5/4/2025,SUV,Diesel,Inline-4,1500,Manual,RWD,Silver,5,1989,614,70,5/3/2030,POL559160,14934,Thrissur,Active,11/26/2025
V0191,KL-07-BQ-1227,VIN34319149237400,Toyota,Hilux,2.8 GD,2023,3/10/2023,Pickup,Diesel,Inline-4,2800,Manual,RWD,Grey,5,1744,697,40,3/8/2028,POL974188,112096,Palakkad,Active,6/20/2026
V0192,KL-09-MV-7174,VIN39614455490399,Mahindra,Scorpio N,Z8,2023,2/2/2023,SUV,Diesel,Inline-4,2200,Automatic,RWD,Silver,5,1248,338,46,2/1/2028,POL479640,63775,Thrissur,Active,9/5/2023
V0193,KL-08-XA-2829,VIN65724582320388,Mahindra,Scorpio N,Z8,2023,12/5/2023,SUV,Diesel,Inline-4,2200,Automatic,RWD,Blue,5,2093,346,63,12/3/2028,POL348337,132774,Thrissur,Maintenance,6/1/2027
V0194,KL-12-NI-2402,VIN73724223008930,Toyota,Corolla,1.8 G,2021,8/5/2021,Sedan,Petrol,Inline-4,1800,Automatic,FWD,Red,5,1947,604,48,8/4/2026,POL522971,101761,Palakkad,Active,9/5/2024
V0195,KL-12-XZ-2845,VIN92112248766650,Ashok Leyland,Boss,1415,2023,3/5/2023,Truck,Diesel,Inline-4,3800,Manual,RWD,Black,2,8968,7311,158,3/3/2028,POL133946,160796,Kochi,Active,2/16/2027
V0196,KL-13-EB-3157,VIN40590060624440,Ashok Leyland,Boss,1415,2021,6/5/2021,Truck,Diesel,Inline-4,3800,Manual,RWD,Red,2,15197,7855,181,6/4/2026,POL271986,27918,Thrissur,Maintenance,2/17/2025
V0197,KL-02-CD-3310,VIN74345079332757,Eicher,Pro 2049,LNT,2020,6/7/2020,Truck,Diesel,Inline-4,3000,Manual,RWD,Silver,2,7227,5679,188,6/6/2025,POL995353,63233,Thrissur,Active,1/30/2021
V0198,KL-13-AS-9431,VIN60060185031893,Tata,Nexon,XZ+,2021,10/23/2021,SUV,Diesel,Inline-4,1500,Manual,RWD,Red,5,1790,309,50,10/22/2026,POL606604,39024,Palakkad,Active,10/10/2023
V0199,KL-13-YT-2648,VIN52693890782113,Mahindra,Scorpio N,Z8,2021,5/15/2021,SUV,Diesel,Inline-4,2200,Automatic,RWD,Blue,5,1802,602,70,5/14/2026,POL461075,156330,Kozhikode,Maintenance,12/16/2022
V0200,KL-13-EF-8041,VIN54196243116136,Toyota,Hilux,2.8 GD,2025,8/25/2025,Pickup,Diesel,Inline-4,2800,Manual,RWD,Silver,5,1494,460,59,8/24/2030,POL649882,40188,Thrissur,Active,11/5/2028
V0201,KL-07-WV-7787,VIN97235566742854,Eicher,Pro 2049,LNT,2019,3/6/2019,Truck,Diesel,Inline-4,3000,Manual,RWD,Blue,2,9881,6786,123,3/4/2024,POL738450,155312,Kochi,Active,1/23/2022
V0202,KL-09-DE-4520,VIN49031094376484,Toyota,Hilux,2.8 GD,2025,5/14/2025,Pickup,Diesel,Inline-4,2800,Manual,RWD,Silver,5,1971,428,57,5/13/2030,POL118077,33431,Thrissur,Active,3/6/2028
V0203,KL-09-MH-5747,VIN97044963764224,Tata,Nexon,XZ+,2023,11/5/2023,SUV,Diesel,Inline-4,1500,Manual,RWD,Blue,5,1524,414,54,11/3/2028,POL264577,104382,Thrissur,Active,8/1/2027
V0204,KL-11-RM-6287,VIN71622085444944,Mahindra,Scorpio N,Z8,2020,2/19/2020,SUV,Diesel,Inline-4,2200,Automatic,RWD,Red,5,1237,466,44,2/17/2025,POL881902,129057,Kozhikode,Maintenance,9/29/2020
V0205,KL-04-UE-2746,VIN26607087905579,Tata,Nexon,XZ+,2020,3/2/2020,SUV,Diesel,Inline-4,1500,Manual,RWD,White,5,1304,359,60,3/1/2025,POL815746,54367,Kochi,Active,6/29/2020
V0206,KL-11-OJ-2817,VIN87177587028616,Ashok Leyland,Boss,1415,2021,3/5/2021,Truck,Diesel,Inline-4,3800,Manual,RWD,White,2,12518,6990,156,3/4/2026,POL742157,142318,Kochi,Active,12/7/2021
V0207,KL-12-ZU-1398,VIN94027588738473,Tata,Nexon,XZ+,2022,7/26/2022,SUV,Diesel,Inline-4,1500,Manual,RWD,Red,5,1473,691,64,7/25/2027,POL730713,23955,Thrissur,Active,12/7/2022
V0208,KL-10-EM-2021,VIN23134897890308,Ashok Leyland,Boss,1415,2022,11/1/2022,Truck,Diesel,Inline-4,3800,Manual,RWD,Grey,2,11117,6193,192,10/31/2027,POL918273,117712,Palakkad,Active,10/29/2025
V0209,KL-04-KT-8279,VIN54286969573997,Ashok Leyland,Boss,1415,2019,9/15/2019,Truck,Diesel,Inline-4,3800,Manual,RWD,Grey,2,10733,6183,171,9/13/2024,POL441208,120682,Trivandrum,Active,11/9/2020
V0210,KL-04-PK-8213,VIN75315421232014,Ashok Leyland,Boss,1415,2024,10/16/2024,Truck,Diesel,Inline-4,3800,Manual,RWD,White,2,15167,5236,136,10/15/2029,POL280354,174892,Palakkad,Active,3/31/2027
V0211,KL-14-NE-7576,VIN12507757739150,Toyota,Corolla,1.8 G,2019,2/23/2019,Sedan,Petrol,Inline-4,1800,Automatic,FWD,Black,5,1404,684,62,2/22/2024,POL959983,32644,Kozhikode,Active,2/15/2022
V0212,KL-11-CK-9498,VIN49200058558859,Ashok Leyland,Boss,1415,2020,4/23/2020,Truck,Diesel,Inline-4,3800,Manual,RWD,White,2,9347,6438,234,4/22/2025,POL971567,130952,Thrissur,Active,7/28/2021
V0213,KL-02-NO-2601,VIN36737375344130,Eicher,Pro 2049,LNT,2019,2/26/2019,Truck,Diesel,Inline-4,3000,Manual,RWD,Black,2,8038,4626,176,2/25/2024,POL534579,80160,Kozhikode,Active,8/4/2020
V0214,KL-08-WF-5361,VIN12383830791289,Mahindra,Scorpio N,Z8,2022,1/25/2022,SUV,Diesel,Inline-4,2200,Automatic,RWD,Red,5,1488,340,47,1/24/2027,POL294426,159550,Kochi,Maintenance,4/4/2024
V0215,KL-11-YW-8155,VIN16136763831027,Eicher,Pro 2049,LNT,2024,3/11/2024,Truck,Diesel,Inline-4,3000,Manual,RWD,Black,2,12271,7289,170,3/10/2029,POL198026,40338,Kozhikode,Maintenance,7/26/2027
V0216,KL-02-OI-7062,VIN18333156959877,Tata,Nexon,XZ+,2024,2/20/2024,SUV,Diesel,Inline-4,1500,Manual,RWD,White,5,1772,551,70,2/18/2029,POL783447,71551,Trivandrum,Active,11/14/2027
V0217,KL-09-JZ-3102,VIN74826574307120,Eicher,Pro 2049,LNT,2019,1/19/2019,Truck,Diesel,Inline-4,3000,Manual,RWD,Black,2,11730,6877,231,1/18/2024,POL119474,156676,Trivandrum,Active,5/12/2021
V0218,KL-14-AY-9427,VIN97326063466223,Ashok Leyland,Boss,1415,2019,4/27/2019,Truck,Diesel,Inline-4,3800,Manual,RWD,Red,2,14084,4910,191,4/25/2024,POL810607,36674,Kochi,Active,4/19/2020
V0219,KL-11-YH-4904,VIN95186484338583,Eicher,Pro 2049,LNT,2022,3/17/2022,Truck,Diesel,Inline-4,3000,Manual,RWD,Red,2,12912,4878,177,3/16/2027,POL413970,70027,Palakkad,Active,5/15/2023
V0220,KL-01-ZU-7424,VIN58399527029622,Toyota,Hilux,2.8 GD,2025,1/17/2025,Pickup,Diesel,Inline-4,2800,Manual,RWD,Blue,5,1818,630,43,1/16/2030,POL508284,52192,Thrissur,Active,7/9/2025
V0221,KL-06-EG-7994,VIN81721475016197,Mahindra,Scorpio N,Z8,2020,10/11/2020,SUV,Diesel,Inline-4,2200,Automatic,RWD,Black,5,1606,426,61,10/10/2025,POL692142,150144,Palakkad,Active,5/1/2022
V0222,KL-13-VE-6397,VIN98604430110797,Toyota,Corolla,1.8 G,2025,3/6/2025,Sedan,Petrol,Inline-4,1800,Automatic,FWD,Silver,5,1879,334,44,3/5/2030,POL837090,124967,Kozhikode,Active,10/11/2025
V0223,KL-07-WN-7990,VIN65655501353902,Mahindra,Scorpio N,Z8,2021,12/8/2021,SUV,Diesel,Inline-4,2200,Automatic,RWD,Blue,5,1622,562,63,12/7/2026,POL285653,112071,Kozhikode,Active,11/10/2023
V0224,KL-10-ZK-6004,VIN57143689865141,Tata,Nexon,XZ+,2024,2/7/2024,SUV,Diesel,Inline-4,1500,Manual,RWD,Black,5,1368,590,55,2/5/2029,POL540735,117874,Trivandrum,Active,9/13/2027
V0225,KL-06-HQ-4027,VIN41771869857703,Toyota,Corolla,1.8 G,2019,8/21/2019,Sedan,Petrol,Inline-4,1800,Automatic,FWD,Blue,5,1977,495,66,8/19/2024,POL687251,21438,Thrissur,Active,6/9/2021
V0226,KL-03-GO-1585,VIN25719176231769,Toyota,Corolla,1.8 G,2020,3/5/2020,Sedan,Petrol,Inline-4,1800,Automatic,FWD,Black,5,2019,416,51,3/4/2025,POL102928,117602,Trivandrum,Active,12/7/2020
V0227,KL-04-MZ-1801,VIN96565055553007,Toyota,Hilux,2.8 GD,2025,1/18/2025,Pickup,Diesel,Inline-4,2800,Manual,RWD,White,5,1757,319,67,1/17/2030,POL802406,141629,Thrissur,Active,1/17/2026
V0228,KL-14-IY-4210,VIN52157057307687,Mahindra,Scorpio N,Z8,2025,9/27/2025,SUV,Diesel,Inline-4,2200,Automatic,RWD,White,5,2038,500,58,9/26/2030,POL178945,86282,Trivandrum,Active,1/24/2029
V0229,KL-06-RJ-3349,VIN28499344311345,Mahindra,Scorpio N,Z8,2020,6/17/2020,SUV,Diesel,Inline-4,2200,Automatic,RWD,Grey,5,1796,350,47,6/16/2025,POL910426,89833,Kochi,Active,8/4/2023
V0230,KL-13-EK-3399,VIN35681911393158,Toyota,Corolla,1.8 G,2020,2/13/2020,Sedan,Petrol,Inline-4,1800,Automatic,FWD,Blue,5,1306,463,59,2/11/2025,POL808604,97180,Kochi,Active,11/24/2022
V0231,KL-13-HG-7992,VIN72288385024086,Eicher,Pro 2049,LNT,2019,11/24/2019,Truck,Diesel,Inline-4,3000,Manual,RWD,Black,2,11579,6334,250,11/22/2024,POL640148,18060,Thrissur,Active,9/18/2023
V0232,KL-02-CO-7054,VIN58512442928229,Tata,Nexon,XZ+,2021,9/7/2021,SUV,Diesel,Inline-4,1500,Manual,RWD,Blue,5,2021,650,56,9/6/2026,POL810874,51031,Kochi,Active,9/17/2025
V0233,KL-14-IP-3824,VIN32742282733783,Toyota,Hilux,2.8 GD,2025,6/4/2025,Pickup,Diesel,Inline-4,2800,Manual,RWD,White,5,1578,481,67,6/3/2030,POL328112,102163,Kochi,Active,1/14/2027
V0234,KL-04-FQ-9498,VIN41208126874114,Toyota,Hilux,2.8 GD,2021,2/22/2021,Pickup,Diesel,Inline-4,2800,Manual,RWD,Grey,5,2094,355,59,2/21/2026,POL386485,175490,Kozhikode,Active,12/10/2024
V0235,KL-13-ZM-9068,VIN59630298537082,Toyota,Hilux,2.8 GD,2022,7/20/2022,Pickup,Diesel,Inline-4,2800,Manual,RWD,White,5,1573,364,68,7/19/2027,POL774497,25655,Palakkad,Active,11/14/2022
V0236,KL-06-OE-4508,VIN67811153825906,Tata,Nexon,XZ+,2020,3/7/2020,SUV,Diesel,Inline-4,1500,Manual,RWD,Grey,5,1324,590,64,3/6/2025,POL353046,147828,Thrissur,Active,9/1/2020
V0237,KL-08-IN-1394,VIN34201273603315,Mahindra,Scorpio N,Z8,2025,8/8/2025,SUV,Diesel,Inline-4,2200,Automatic,RWD,Silver,5,1627,688,66,8/7/2030,POL422832,101533,Kochi,Active,11/17/2028
V0238,KL-07-LD-8620,VIN30539917729118,Toyota,Hilux,2.8 GD,2019,3/8/2019,Pickup,Diesel,Inline-4,2800,Manual,RWD,White,5,1406,505,70,3/6/2024,POL816492,14633,Kochi,Active,11/25/2021
V0239,KL-07-RP-9843,VIN33315747803916,Ashok Leyland,Boss,1415,2021,12/14/2021,Truck,Diesel,Inline-4,3800,Manual,RWD,White,2,7731,6280,244,12/13/2026,POL281188,133190,Kochi,Active,10/28/2022
V0240,KL-04-YZ-9042,VIN21453259518696,Toyota,Hilux,2.8 GD,2022,7/28/2022,Pickup,Diesel,Inline-4,2800,Manual,RWD,Black,5,2176,646,53,7/27/2027,POL186555,14721,Palakkad,Active,2/27/2024
V0241,KL-03-JS-6424,VIN28861019113738,Toyota,Hilux,2.8 GD,2020,8/20/2020,Pickup,Diesel,Inline-4,2800,Manual,RWD,Black,5,1590,353,46,8/19/2025,POL708867,30542,Palakkad,Active,4/6/2024
V0242,KL-04-WR-5474,VIN87227162144445,Mahindra,Scorpio N,Z8,2020,9/22/2020,SUV,Diesel,Inline-4,2200,Automatic,RWD,Grey,5,1773,409,41,9/21/2025,POL739924,62296,Kochi,Active,3/23/2022
V0243,KL-13-VC-6064,VIN77352725632640,Ashok Leyland,Boss,1415,2022,1/10/2022,Truck,Diesel,Inline-4,3800,Manual,RWD,Black,2,15081,3985,130,1/9/2027,POL869983,161988,Kozhikode,Active,5/20/2024
V0244,KL-03-EI-6983,VIN66921781583961,Eicher,Pro 2049,LNT,2020,3/23/2020,Truck,Diesel,Inline-4,3000,Manual,RWD,Grey,2,11810,6726,242,3/22/2025,POL714661,148653,Palakkad,Maintenance,1/17/2023
V0245,KL-07-PP-3036,VIN74704514312570,Mahindra,Scorpio N,Z8,2020,6/4/2020,SUV,Diesel,Inline-4,2200,Automatic,RWD,Black,5,1439,338,63,6/3/2025,POL727050,42722,Thrissur,Maintenance,2/8/2021
V0246,KL-02-JL-9109,VIN32950336907451,Toyota,Hilux,2.8 GD,2024,12/22/2024,Pickup,Diesel,Inline-4,2800,Manual,RWD,Red,5,1805,603,60,12/21/2029,POL370817,49579,Trivandrum,Active,12/30/2027
V0247,KL-01-HO-3055,VIN31126312690875,Tata,Nexon,XZ+,2021,6/12/2021,SUV,Diesel,Inline-4,1500,Manual,RWD,Red,5,2025,406,67,6/11/2026,POL918958,90887,Trivandrum,Active,2/5/2024
V0248,KL-08-YE-4043,VIN52241956954194,Eicher,Pro 2049,LNT,2019,9/20/2019,Truck,Diesel,Inline-4,3000,Manual,RWD,Silver,2,7930,7198,145,9/18/2024,POL632695,177692,Kochi,Active,8/30/2022
V0249,KL-02-XI-6004,VIN52228704430550,Toyota,Corolla,1.8 G,2020,11/12/2020,Sedan,Petrol,Inline-4,1800,Automatic,FWD,Red,5,1665,696,45,11/11/2025,POL882655,56903,Palakkad,Active,3/1/2022
V0250,KL-01-II-2757,VIN86154974957381,Toyota,Corolla,1.8 G,2024,12/14/2024,Sedan,Petrol,Inline-4,1800,Automatic,FWD,Blue,5,2004,541,43,12/13/2029,POL612811,16100,Palakkad,Active,7/6/2028
V0251,KL-04-QK-2729,VIN20022715025764,Mahindra,Scorpio N,Z8,2021,2/10/2021,SUV,Diesel,Inline-4,2200,Automatic,RWD,Red,5,1657,348,48,2/9/2026,POL540921,65182,Thrissur,Maintenance,11/15/2024
V0252,KL-04-KF-6397,VIN52003624379154,Ashok Leyland,Boss,1415,2019,5/25/2019,Truck,Diesel,Inline-4,3800,Manual,RWD,Red,2,8749,6586,209,5/23/2024,POL449442,88395,Kochi,Active,8/20/2021
V0253,KL-06-UP-2626,VIN61063196068729,Mahindra,Scorpio N,Z8,2023,12/7/2023,SUV,Diesel,Inline-4,2200,Automatic,RWD,White,5,1999,608,41,12/5/2028,POL642368,20763,Kochi,Maintenance,9/24/2027
V0254,KL-10-ON-2169,VIN90352497552371,Toyota,Hilux,2.8 GD,2021,4/19/2021,Pickup,Diesel,Inline-4,2800,Manual,RWD,Black,5,1635,476,60,4/18/2026,POL863012,135342,Kochi,Active,3/17/2022
V0255,KL-03-PZ-9150,VIN39344089761310,Toyota,Hilux,2.8 GD,2020,1/20/2020,Pickup,Diesel,Inline-4,2800,Manual,RWD,Blue,5,1343,324,60,1/18/2025,POL227594,86429,Kozhikode,Active,8/6/2020
V0256,KL-04-FX-4893,VIN58675610405198,Tata,Nexon,XZ+,2025,3/17/2025,SUV,Diesel,Inline-4,1500,Manual,RWD,White,5,1512,313,66,3/16/2030,POL223993,108914,Palakkad,Active,10/20/2025
V0257,KL-08-JI-9668,VIN65214539404347,Mahindra,Scorpio N,Z8,2021,11/21/2021,SUV,Diesel,Inline-4,2200,Automatic,RWD,Black,5,1407,477,52,11/20/2026,POL520732,98905,Palakkad,Active,6/12/2023
V0258,KL-07-TQ-7369,VIN91701237470354,Tata,Nexon,XZ+,2021,7/6/2021,SUV,Diesel,Inline-4,1500,Manual,RWD,White,5,1987,426,44,7/5/2026,POL234821,35197,Thrissur,Active,10/24/2021
V0259,KL-11-GV-4891,VIN85226068892398,Mahindra,Scorpio N,Z8,2020,7/6/2020,SUV,Diesel,Inline-4,2200,Automatic,RWD,Grey,5,1828,633,66,7/5/2025,POL466341,57268,Kozhikode,Active,6/27/2022
V0260,KL-03-WQ-8537,VIN46591412961502,Tata,Nexon,XZ+,2023,6/24/2023,SUV,Diesel,Inline-4,1500,Manual,RWD,Grey,5,2154,559,51,6/22/2028,POL444523,9559,Palakkad,Active,1/2/2027
V0261,KL-07-VM-7244,VIN72191513220680,Tata,Nexon,XZ+,2024,2/22/2024,SUV,Diesel,Inline-4,1500,Manual,RWD,Silver,5,1674,466,68,2/20/2029,POL243831,89856,Thrissur,Active,12/27/2026
V0262,KL-13-HM-4509,VIN66875423035866,Mahindra,Scorpio N,Z8,2021,12/12/2021,SUV,Diesel,Inline-4,2200,Automatic,RWD,Red,5,1906,526,41,12/11/2026,POL115253,8851,Thrissur,Active,1/29/2023
V0263,KL-06-VX-2424,VIN86126402184899,Toyota,Corolla,1.8 G,2022,4/28/2022,Sedan,Petrol,Inline-4,1800,Automatic,FWD,White,5,1512,654,64,4/27/2027,POL880875,156473,Palakkad,Active,3/30/2024
V0264,KL-04-YF-5706,VIN80004653288579,Mahindra,Scorpio N,Z8,2020,7/15/2020,SUV,Diesel,Inline-4,2200,Automatic,RWD,Red,5,2122,546,43,7/14/2025,POL785283,13801,Palakkad,Active,3/14/2021
V0265,KL-10-UB-3290,VIN78765097205408,Mahindra,Scorpio N,Z8,2021,6/28/2021,SUV,Diesel,Inline-4,2200,Automatic,RWD,Grey,5,1433,448,45,6/27/2026,POL415520,21236,Palakkad,Active,9/29/2023
V0266,KL-04-WI-1540,VIN12755886982307,Toyota,Corolla,1.8 G,2024,7/10/2024,Sedan,Petrol,Inline-4,1800,Automatic,FWD,Silver,5,1908,641,64,7/9/2029,POL848917,32388,Thrissur,Active,12/8/2024
V0267,KL-04-JG-6860,VIN71324436704619,Tata,Nexon,XZ+,2021,8/28/2021,SUV,Diesel,Inline-4,1500,Manual,RWD,Grey,5,1701,393,42,8/27/2026,POL968617,69879,Kochi,Active,9/4/2024
V0268,KL-04-QW-7698,VIN17709021473506,Toyota,Hilux,2.8 GD,2023,8/20/2023,Pickup,Diesel,Inline-4,2800,Manual,RWD,Silver,5,1448,376,54,8/18/2028,POL626143,141410,Kozhikode,Maintenance,5/14/2026
V0269,KL-03-RQ-5761,VIN94584961982116,Eicher,Pro 2049,LNT,2024,4/24/2024,Truck,Diesel,Inline-4,3000,Manual,RWD,Red,2,10538,6690,151,4/23/2029,POL370574,151447,Kozhikode,Maintenance,11/5/2025
V0270,KL-04-OP-5910,VIN84871791560752,Eicher,Pro 2049,LNT,2022,2/1/2022,Truck,Diesel,Inline-4,3000,Manual,RWD,Red,2,11370,7128,235,1/31/2027,POL872638,7898,Thrissur,Active,3/9/2026
V0271,KL-08-PO-2271,VIN79507254565083,Eicher,Pro 2049,LNT,2020,6/10/2020,Truck,Diesel,Inline-4,3000,Manual,RWD,White,2,9811,6586,171,6/9/2025,POL828013,77666,Palakkad,Active,6/7/2024
V0272,KL-10-FC-6473,VIN94516664265189,Eicher,Pro 2049,LNT,2021,5/6/2021,Truck,Diesel,Inline-4,3000,Manual,RWD,Black,2,14410,5714,228,5/5/2026,POL441790,38217,Palakkad,Active,12/4/2022
V0273,KL-04-FJ-1570,VIN55975967379817,Toyota,Corolla,1.8 G,2025,9/22/2025,Sedan,Petrol,Inline-4,1800,Automatic,FWD,Grey,5,1349,405,41,9/21/2030,POL499839,164415,Trivandrum,Active,11/18/2028
V0274,KL-10-VY-8932,VIN31577187436931,Toyota,Hilux,2.8 GD,2024,2/13/2024,Pickup,Diesel,Inline-4,2800,Manual,RWD,Grey,5,1823,572,49,2/11/2029,POL441221,75465,Kozhikode,Active,10/2/2025
V0275,KL-10-EF-3542,VIN27710178377987,Tata,Nexon,XZ+,2023,1/10/2023,SUV,Diesel,Inline-4,1500,Manual,RWD,Grey,5,1931,382,70,1/9/2028,POL574124,9720,Kochi,Active,4/20/2025
V0276,KL-09-PN-7838,VIN96861281522584,Toyota,Corolla,1.8 G,2023,12/24/2023,Sedan,Petrol,Inline-4,1800,Automatic,FWD,Blue,5,1590,512,47,12/22/2028,POL304681,173201,Kozhikode,Active,2/4/2025
V0277,KL-08-CA-4914,VIN81856676426564,Eicher,Pro 2049,LNT,2024,2/15/2024,Truck,Diesel,Inline-4,3000,Manual,RWD,White,2,15524,5570,234,2/13/2029,POL201045,18885,Palakkad,Maintenance,5/19/2026
V0278,KL-12-DR-9417,VIN23517853909506,Toyota,Hilux,2.8 GD,2025,2/4/2025,Pickup,Diesel,Inline-4,2800,Manual,RWD,Black,5,1445,679,61,2/3/2030,POL513459,146735,Thrissur,Active,1/21/2027
V0279,KL-11-YH-5040,VIN40363993670488,Eicher,Pro 2049,LNT,2021,10/19/2021,Truck,Diesel,Inline-4,3000,Manual,RWD,Grey,2,15954,5298,144,10/18/2026,POL639417,21407,Thrissur,Active,10/19/2025
V0280,KL-04-QU-5658,VIN98249111020229,Eicher,Pro 2049,LNT,2021,7/12/2021,Truck,Diesel,Inline-4,3000,Manual,RWD,White,2,10650,4003,249,7/11/2026,POL614020,32885,Kochi,Active,6/4/2022
V0281,KL-13-HD-8111,VIN54695341010825,Ashok Leyland,Boss,1415,2022,8/12/2022,Truck,Diesel,Inline-4,3800,Manual,RWD,Red,2,10549,6990,131,8/11/2027,POL866419,34344,Kozhikode,Active,7/25/2024
V0282,KL-11-NR-8668,VIN37599109517042,Tata,Nexon,XZ+,2025,1/23/2025,SUV,Diesel,Inline-4,1500,Manual,RWD,Red,5,1269,306,68,1/22/2030,POL323971,79848,Kochi,Maintenance,2/13/2029
V0283,KL-06-ZX-8501,VIN18200214576375,Toyota,Corolla,1.8 G,2020,2/9/2020,Sedan,Petrol,Inline-4,1800,Automatic,FWD,Silver,5,1358,557,70,2/7/2025,POL235773,75249,Kochi,Active,1/18/2024
V0284,KL-11-HM-7887,VIN82140470579682,Toyota,Corolla,1.8 G,2020,1/7/2020,Sedan,Petrol,Inline-4,1800,Automatic,FWD,Grey,5,2176,638,46,1/5/2025,POL735386,132943,Thrissur,Active,11/6/2020
V0285,KL-08-SO-3894,VIN82155838930881,Eicher,Pro 2049,LNT,2022,9/21/2022,Truck,Diesel,Inline-4,3000,Manual,RWD,White,2,12738,3030,205,9/20/2027,POL941075,11774,Kozhikode,Active,2/18/2024
V0286,KL-09-HU-5766,VIN51550854410689,Ashok Leyland,Boss,1415,2019,7/8/2019,Truck,Diesel,Inline-4,3800,Manual,RWD,Blue,2,14445,4697,190,7/6/2024,POL378937,20546,Thrissur,Active,3/7/2021
V0287,KL-04-AS-5345,VIN15610542659812,Eicher,Pro 2049,LNT,2025,12/21/2025,Truck,Diesel,Inline-4,3000,Manual,RWD,Red,2,13285,4462,147,12/20/2030,POL137350,22623,Kochi,Active,6/5/2027
V0288,KL-05-PQ-4042,VIN32002972925759,Toyota,Hilux,2.8 GD,2024,7/14/2024,Pickup,Diesel,Inline-4,2800,Manual,RWD,Silver,5,2117,308,70,7/13/2029,POL532921,97843,Palakkad,Maintenance,11/15/2027
V0289,KL-04-NR-3993,VIN93855540128374,Mahindra,Scorpio N,Z8,2020,12/10/2020,SUV,Diesel,Inline-4,2200,Automatic,RWD,Grey,5,2027,684,41,12/9/2025,POL793871,144586,Trivandrum,Active,7/17/2022
V0290,KL-09-HX-4944,VIN98464954759464,Tata,Nexon,XZ+,2022,10/25/2022,SUV,Diesel,Inline-4,1500,Manual,RWD,Blue,5,2155,431,67,10/24/2027,POL479246,53529,Kochi,Active,11/20/2025
V0291,KL-14-IE-3492,VIN24595238642761,Mahindra,Scorpio N,Z8,2019,8/19/2019,SUV,Diesel,Inline-4,2200,Automatic,RWD,Grey,5,1258,699,40,8/17/2024,POL300903,136581,Kozhikode,Active,1/21/2020
V0292,KL-05-GG-1308,VIN57895463477240,Toyota,Corolla,1.8 G,2022,7/24/2022,Sedan,Petrol,Inline-4,1800,Automatic,FWD,White,5,2126,352,54,7/23/2027,POL593898,35707,Trivandrum,Active,12/13/2023
V0293,KL-05-SM-9522,VIN67450271654895,Eicher,Pro 2049,LNT,2024,6/6/2024,Truck,Diesel,Inline-4,3000,Manual,RWD,Blue,2,13684,6414,246,6/5/2029,POL753817,151197,Palakkad,Active,2/23/2027
V0294,KL-05-BF-8432,VIN32805928941567,Tata,Nexon,XZ+,2023,2/26/2023,SUV,Diesel,Inline-4,1500,Manual,RWD,Black,5,2071,354,64,2/25/2028,POL945086,125052,Kozhikode,Active,1/1/2024
V0295,KL-04-WQ-2524,VIN68552162943378,Ashok Leyland,Boss,1415,2025,4/25/2025,Truck,Diesel,Inline-4,3800,Manual,RWD,Black,2,14686,5428,207,4/24/2030,POL899085,9551,Thrissur,Active,11/21/2028
V0296,KL-10-UJ-2174,VIN90583989508170,Toyota,Hilux,2.8 GD,2021,6/11/2021,Pickup,Diesel,Inline-4,2800,Manual,RWD,Black,5,1811,544,69,6/10/2026,POL948386,38746,Thrissur,Maintenance,5/14/2025
V0297,KL-12-NH-1256,VIN96993600658290,Toyota,Corolla,1.8 G,2025,8/22/2025,Sedan,Petrol,Inline-4,1800,Automatic,FWD,Grey,5,2179,453,66,8/21/2030,POL288448,33942,Kozhikode,Active,9/7/2028
V0298,KL-08-FT-3723,VIN99347118831711,Mahindra,Scorpio N,Z8,2019,10/4/2019,SUV,Diesel,Inline-4,2200,Automatic,RWD,Red,5,2069,436,44,10/2/2024,POL643333,117453,Kozhikode,Active,4/7/2023
V0299,KL-01-CD-3818,VIN39095334962935,Ashok Leyland,Boss,1415,2024,6/11/2024,Truck,Diesel,Inline-4,3800,Manual,RWD,Blue,2,11946,3826,122,6/10/2029,POL982811,164197,Kozhikode,Active,2/16/2025
V0300,KL-05-RY-2809,VIN98833913593827,Toyota,Hilux,2.8 GD,2019,10/5/2019,Pickup,Diesel,Inline-4,2800,Manual,RWD,Red,5,1780,369,61,10/3/2024,POL606326,172848,Kozhikode,Active,8/19/2021
V0301,KL-11-NL-7316,VIN76384122528896,Ashok Leyland,Boss,1415,2021,8/1/2021,Truck,Diesel,Inline-4,3800,Manual,RWD,Red,2,11203,4828,135,7/31/2026,POL869906,11490,Kozhikode,Maintenance,2/6/2025
V0302,KL-01-FD-7621,VIN35189489273915,Eicher,Pro 2049,LNT,2024,10/16/2024,Truck,Diesel,Inline-4,3000,Manual,RWD,Blue,2,13946,4267,216,10/15/2029,POL266778,121987,Thrissur,Maintenance,5/18/2027
V0303,KL-11-ZV-3276,VIN70111529640075,Mahindra,Scorpio N,Z8,2023,4/8/2023,SUV,Diesel,Inline-4,2200,Automatic,RWD,Red,5,1253,506,42,4/6/2028,POL557382,17522,Thrissur,Active,5/26/2026
V0304,KL-06-NN-4301,VIN64127734682970,Toyota,Corolla,1.8 G,2019,4/24/2019,Sedan,Petrol,Inline-4,1800,Automatic,FWD,Red,5,1923,587,67,4/22/2024,POL257260,151593,Kochi,Active,9/26/2020
V0305,KL-06-SV-8417,VIN40068984710546,Ashok Leyland,Boss,1415,2025,5/7/2025,Truck,Diesel,Inline-4,3800,Manual,RWD,Blue,2,15986,4399,198,5/6/2030,POL457746,12154,Trivandrum,Maintenance,1/1/2029
V0306,KL-03-FD-6377,VIN83105817077101,Toyota,Corolla,1.8 G,2024,1/26/2024,Sedan,Petrol,Inline-4,1800,Automatic,FWD,Red,5,1251,515,43,1/24/2029,POL145982,16352,Kozhikode,Maintenance,6/20/2024
V0307,KL-07-FH-2300,VIN85590203323656,Eicher,Pro 2049,LNT,2024,9/10/2024,Truck,Diesel,Inline-4,3000,Manual,RWD,Black,2,15030,6588,150,9/9/2029,POL872326,25586,Kochi,Active,12/15/2027
V0308,KL-06-FB-3199,VIN79319682736659,Ashok Leyland,Boss,1415,2023,5/2/2023,Truck,Diesel,Inline-4,3800,Manual,RWD,Black,2,15218,6726,149,4/30/2028,POL190265,159928,Trivandrum,Active,3/6/2026
V0309,KL-12-KO-7245,VIN17850415950992,Toyota,Hilux,2.8 GD,2019,2/13/2019,Pickup,Diesel,Inline-4,2800,Manual,RWD,Silver,5,1737,642,66,2/12/2024,POL852387,155575,Trivandrum,Active,12/2/2019
V0310,KL-12-ZE-1952,VIN74910203895039,Toyota,Corolla,1.8 G,2019,4/14/2019,Sedan,Petrol,Inline-4,1800,Automatic,FWD,Red,5,1782,496,44,4/12/2024,POL682678,152413,Kochi,Maintenance,4/28/2023
V0311,KL-11-IR-3923,VIN29613131100470,Tata,Nexon,XZ+,2021,3/5/2021,SUV,Diesel,Inline-4,1500,Manual,RWD,Blue,5,1766,570,63,3/4/2026,POL595016,135014,Kozhikode,Maintenance,3/25/2023
V0312,KL-08-IO-9866,VIN43079077302478,Ashok Leyland,Boss,1415,2021,7/7/2021,Truck,Diesel,Inline-4,3800,Manual,RWD,Grey,2,14126,5900,246,7/6/2026,POL969685,122878,Thrissur,Maintenance,2/14/2025
V0313,KL-07-XN-7767,VIN90193048886079,Toyota,Hilux,2.8 GD,2022,3/1/2022,Pickup,Diesel,Inline-4,2800,Manual,RWD,Blue,5,2123,615,56,2/28/2027,POL305554,151849,Thrissur,Maintenance,9/23/2023
V0314,KL-08-PL-8027,VIN55979963752941,Ashok Leyland,Boss,1415,2023,12/9/2023,Truck,Diesel,Inline-4,3800,Manual,RWD,Black,2,13450,6044,150,12/7/2028,POL360061,7088,Kozhikode,Active,1/27/2027
V0315,KL-13-DB-3431,VIN54733071377683,Mahindra,Scorpio N,Z8,2022,3/14/2022,SUV,Diesel,Inline-4,2200,Automatic,RWD,Silver,5,1603,427,53,3/13/2027,POL952477,45898,Kozhikode,Active,5/28/2023
V0316,KL-13-SN-7721,VIN18667250386223,Mahindra,Scorpio N,Z8,2025,9/18/2025,SUV,Diesel,Inline-4,2200,Automatic,RWD,Black,5,2046,575,53,9/17/2030,POL437666,146334,Trivandrum,Active,11/10/2028
V0317,KL-11-YL-3321,VIN83815058620290,Toyota,Corolla,1.8 G,2022,1/28/2022,Sedan,Petrol,Inline-4,1800,Automatic,FWD,Grey,5,1571,363,66,1/27/2027,POL285490,154094,Thrissur,Maintenance,9/25/2023
V0318,KL-02-TZ-3392,VIN28028335575953,Mahindra,Scorpio N,Z8,2021,7/12/2021,SUV,Diesel,Inline-4,2200,Automatic,RWD,Grey,5,1362,618,68,7/11/2026,POL354576,14829,Trivandrum,Active,7/6/2023
V0319,KL-11-CH-8033,VIN65628077101929,Toyota,Corolla,1.8 G,2020,3/10/2020,Sedan,Petrol,Inline-4,1800,Automatic,FWD,Red,5,2200,611,67,3/9/2025,POL679179,54140,Palakkad,Active,12/6/2023
V0320,KL-01-LE-8187,VIN69055714179777,Toyota,Hilux,2.8 GD,2020,7/19/2020,Pickup,Diesel,Inline-4,2800,Manual,RWD,Blue,5,2144,688,69,7/18/2025,POL184503,15966,Trivandrum,Active,2/9/2021
V0321,KL-13-YZ-1304,VIN26731351857746,Tata,Nexon,XZ+,2023,1/26/2023,SUV,Diesel,Inline-4,1500,Manual,RWD,Blue,5,2009,434,68,1/25/2028,POL126877,60680,Kochi,Active,8/17/2026
V0322,KL-03-WW-8787,VIN77100567691162,Ashok Leyland,Boss,1415,2025,11/14/2025,Truck,Diesel,Inline-4,3800,Manual,RWD,Black,2,15043,3340,206,11/13/2030,POL131152,43049,Kozhikode,Active,4/18/2026
V0323,KL-05-UE-7036,VIN44668569339485,Mahindra,Scorpio N,Z8,2022,7/16/2022,SUV,Diesel,Inline-4,2200,Automatic,RWD,Black,5,1284,581,55,7/15/2027,POL385072,99913,Thrissur,Active,11/10/2022
V0324,KL-09-YR-8523,VIN20566416883579,Toyota,Hilux,2.8 GD,2025,9/20/2025,Pickup,Diesel,Inline-4,2800,Manual,RWD,Blue,5,1803,646,64,9/19/2030,POL461465,36262,Kozhikode,Active,12/22/2026
V0325,KL-14-AL-4973,VIN32295099102040,Toyota,Hilux,2.8 GD,2021,1/17/2021,Pickup,Diesel,Inline-4,2800,Manual,RWD,Grey,5,1728,603,62,1/16/2026,POL206087,65705,Thrissur,Maintenance,4/19/2022
V0326,KL-03-JT-9752,VIN94993113108501,Mahindra,Scorpio N,Z8,2023,3/19/2023,SUV,Diesel,Inline-4,2200,Automatic,RWD,Grey,5,1908,343,48,3/17/2028,POL344880,89724,Palakkad,Active,8/2/2026
V0327,KL-12-NZ-6983,VIN64651249113775,Tata,Nexon,XZ+,2020,1/18/2020,SUV,Diesel,Inline-4,1500,Manual,RWD,Grey,5,1954,647,47,1/16/2025,POL409293,114196,Kozhikode,Active,4/18/2020
V0328,KL-06-LY-8963,VIN87682115729642,Tata,Nexon,XZ+,2020,6/4/2020,SUV,Diesel,Inline-4,1500,Manual,RWD,Blue,5,1313,338,43,6/3/2025,POL884962,178267,Trivandrum,Active,11/16/2023
V0329,KL-11-XF-3908,VIN46384431973920,Mahindra,Scorpio N,Z8,2024,5/21/2024,SUV,Diesel,Inline-4,2200,Automatic,RWD,Black,5,1428,553,67,5/20/2029,POL384837,17358,Palakkad,Maintenance,1/1/2026
V0330,KL-14-XA-6028,VIN37373627390329,Toyota,Corolla,1.8 G,2020,9/26/2020,Sedan,Petrol,Inline-4,1800,Automatic,FWD,White,5,1803,668,43,9/25/2025,POL202950,60324,Palakkad,Active,9/8/2021
V0331,KL-02-QF-2359,VIN74317253909014,Tata,Nexon,XZ+,2022,2/21/2022,SUV,Diesel,Inline-4,1500,Manual,RWD,Red,5,2079,426,61,2/20/2027,POL704783,150001,Kozhikode,Active,8/16/2025
V0332,KL-10-QF-9670,VIN90137340160143,Mahindra,Scorpio N,Z8,2023,6/17/2023,SUV,Diesel,Inline-4,2200,Automatic,RWD,White,5,1222,609,61,6/15/2028,POL377361,62731,Thrissur,Active,12/6/2023
V0333,KL-12-WN-1927,VIN12274977065131,Tata,Nexon,XZ+,2020,10/5/2020,SUV,Diesel,Inline-4,1500,Manual,RWD,White,5,1565,320,40,10/4/2025,POL248628,30991,Palakkad,Active,3/5/2024
V0334,KL-07-OH-8335,VIN62395678421134,Toyota,Corolla,1.8 G,2019,12/14/2019,Sedan,Petrol,Inline-4,1800,Automatic,FWD,Black,5,1202,540,69,12/12/2024,POL517723,100127,Kozhikode,Active,12/2/2023
V0335,KL-06-JG-6910,VIN46005885288035,Eicher,Pro 2049,LNT,2024,12/17/2024,Truck,Diesel,Inline-4,3000,Manual,RWD,Red,2,8042,5299,188,12/16/2029,POL805306,30870,Thrissur,Active,3/28/2027
V0336,KL-04-MN-7842,VIN59431956108503,Toyota,Corolla,1.8 G,2024,1/15/2024,Sedan,Petrol,Inline-4,1800,Automatic,FWD,Grey,5,1610,414,49,1/13/2029,POL235142,45110,Thrissur,Active,5/20/2024
V0337,KL-12-PP-9052,VIN20970295620941,Mahindra,Scorpio N,Z8,2020,6/28/2020,SUV,Diesel,Inline-4,2200,Automatic,RWD,Blue,5,1512,318,59,6/27/2025,POL685401,123861,Thrissur,Active,9/2/2023
V0338,KL-11-MH-5689,VIN16557481687810,Ashok Leyland,Boss,1415,2022,7/15/2022,Truck,Diesel,Inline-4,3800,Manual,RWD,Blue,2,9227,6035,244,7/14/2027,POL151765,138377,Palakkad,Active,12/6/2025
V0339,KL-13-QA-3256,VIN60392890007939,Toyota,Hilux,2.8 GD,2024,6/11/2024,Pickup,Diesel,Inline-4,2800,Manual,RWD,White,5,1299,551,65,6/10/2029,POL113853,60316,Trivandrum,Active,12/26/2026
V0340,KL-02-ZC-6737,VIN17592841475823,Eicher,Pro 2049,LNT,2019,8/15/2019,Truck,Diesel,Inline-4,3000,Manual,RWD,Red,2,7103,7102,157,8/13/2024,POL545253,41991,Kochi,Active,4/3/2020
V0341,KL-12-DL-3408,VIN77078529535075,Toyota,Corolla,1.8 G,2023,11/25/2023,Sedan,Petrol,Inline-4,1800,Automatic,FWD,Black,5,1226,408,51,11/23/2028,POL659812,178225,Trivandrum,Active,3/3/2026
V0342,KL-07-NV-7335,VIN39128054338961,Toyota,Hilux,2.8 GD,2023,5/23/2023,Pickup,Diesel,Inline-4,2800,Manual,RWD,Blue,5,1489,302,44,5/21/2028,POL282225,34332,Thrissur,Active,1/20/2027
V0343,KL-01-DW-6144,VIN28539679094136,Mahindra,Scorpio N,Z8,2025,12/25/2025,SUV,Diesel,Inline-4,2200,Automatic,RWD,Blue,5,1725,472,59,12/24/2030,POL378550,58696,Trivandrum,Active,7/11/2026
V0344,KL-09-DG-2666,VIN60561186061082,Mahindra,Scorpio N,Z8,2020,1/8/2020,SUV,Diesel,Inline-4,2200,Automatic,RWD,Red,5,1581,637,47,1/6/2025,POL199745,66112,Thrissur,Maintenance,6/2/2022
V0345,KL-14-HG-3606,VIN81298864190541,Toyota,Hilux,2.8 GD,2025,10/17/2025,Pickup,Diesel,Inline-4,2800,Manual,RWD,Black,5,2049,554,62,10/16/2030,POL756491,103150,Thrissur,Maintenance,11/10/2026
V0346,KL-14-CB-5556,VIN60600906450457,Mahindra,Scorpio N,Z8,2024,3/20/2024,SUV,Diesel,Inline-4,2200,Automatic,RWD,Grey,5,2000,689,49,3/19/2029,POL137357,174386,Kozhikode,Maintenance,10/30/2024
V0347,KL-07-BY-9975,VIN82130590096904,Ashok Leyland,Boss,1415,2021,3/8/2021,Truck,Diesel,Inline-4,3800,Manual,RWD,Silver,2,9993,4724,239,3/7/2026,POL476644,165416,Thrissur,Active,5/11/2022
V0348,KL-02-FC-2429,VIN30581417647978,Eicher,Pro 2049,LNT,2022,3/18/2022,Truck,Diesel,Inline-4,3000,Manual,RWD,Silver,2,7949,4012,246,3/17/2027,POL441728,116533,Thrissur,Maintenance,7/11/2023
V0349,KL-02-DC-6463,VIN52493855660345,Tata,Nexon,XZ+,2020,4/12/2020,SUV,Diesel,Inline-4,1500,Manual,RWD,Blue,5,1281,537,50,4/11/2025,POL520129,156533,Kozhikode,Maintenance,7/3/2023
V0350,KL-02-MX-2674,VIN89180695465713,Ashok Leyland,Boss,1415,2022,7/14/2022,Truck,Diesel,Inline-4,3800,Manual,RWD,Blue,2,8575,6955,194,7/13/2027,POL572191,55789,Palakkad,Active,6/2/2024
V0351,KL-07-ZD-1746,VIN98800651292448,Ashok Leyland,Boss,1415,2024,7/3/2024,Truck,Diesel,Inline-4,3800,Manual,RWD,Blue,2,10339,3467,148,7/2/2029,POL521835,50346,Kochi,Active,5/8/2027
V0352,KL-05-NX-8242,VIN65900973058644,Toyota,Hilux,2.8 GD,2020,6/4/2020,Pickup,Diesel,Inline-4,2800,Manual,RWD,Black,5,1435,506,50,6/3/2025,POL726577,99259,Kozhikode,Active,12/23/2023
V0353,KL-06-WT-5394,VIN57196487107495,Toyota,Hilux,2.8 GD,2021,1/5/2021,Pickup,Diesel,Inline-4,2800,Manual,RWD,White,5,1614,468,41,1/4/2026,POL712237,88768,Kochi,Active,9/23/2022
V0354,KL-13-YW-7690,VIN70729541672675,Ashok Leyland,Boss,1415,2025,10/24/2025,Truck,Diesel,Inline-4,3800,Manual,RWD,White,2,11917,4046,128,10/23/2030,POL453365,118669,Kochi,Maintenance,7/15/2028
V0355,KL-03-EJ-3170,VIN47700922456785,Tata,Nexon,XZ+,2019,1/8/2019,SUV,Diesel,Inline-4,1500,Manual,RWD,Silver,5,1972,321,66,1/7/2024,POL913607,25368,Kochi,Active,2/25/2021
V0356,KL-08-GI-4120,VIN34232044968456,Eicher,Pro 2049,LNT,2023,6/19/2023,Truck,Diesel,Inline-4,3000,Manual,RWD,Red,2,15597,5079,232,6/17/2028,POL286377,114765,Kochi,Maintenance,2/6/2027
V0357,KL-02-JP-4553,VIN30187884969178,Toyota,Corolla,1.8 G,2020,5/16/2020,Sedan,Petrol,Inline-4,1800,Automatic,FWD,Grey,5,1394,432,51,5/15/2025,POL623314,117353,Kochi,Active,5/25/2021
V0358,KL-02-PI-8622,VIN69185660004934,Toyota,Corolla,1.8 G,2025,4/8/2025,Sedan,Petrol,Inline-4,1800,Automatic,FWD,Black,5,1269,387,66,4/7/2030,POL699022,161642,Thrissur,Active,1/24/2027
V0359,KL-07-RQ-1838,VIN12325416868507,Toyota,Hilux,2.8 GD,2021,12/21/2021,Pickup,Diesel,Inline-4,2800,Manual,RWD,Silver,5,1228,612,42,12/20/2026,POL373248,21468,Kozhikode,Active,1/6/2026
V0360,KL-03-NS-7985,VIN97094609703216,Toyota,Hilux,2.8 GD,2025,10/18/2025,Pickup,Diesel,Inline-4,2800,Manual,RWD,Grey,5,2105,435,56,10/17/2030,POL295577,106358,Kochi,Maintenance,5/7/2026
V0361,KL-01-MY-2992,VIN97745049359834,Tata,Nexon,XZ+,2023,9/2/2023,SUV,Diesel,Inline-4,1500,Manual,RWD,Black,5,1280,636,52,8/31/2028,POL824528,154415,Thrissur,Active,11/5/2024
V0362,KL-10-BG-6922,VIN98279681513703,Toyota,Corolla,1.8 G,2019,3/23/2019,Sedan,Petrol,Inline-4,1800,Automatic,FWD,Grey,5,1843,554,41,3/21/2024,POL716603,138848,Thrissur,Maintenance,3/9/2022
V0363,KL-07-VD-1230,VIN96213514996282,Toyota,Hilux,2.8 GD,2025,2/1/2025,Pickup,Diesel,Inline-4,2800,Manual,RWD,Black,5,1872,404,55,1/31/2030,POL535395,138889,Kochi,Active,6/21/2025
V0364,KL-12-YQ-6192,VIN74900581410871,Toyota,Corolla,1.8 G,2025,6/6/2025,Sedan,Petrol,Inline-4,1800,Automatic,FWD,Silver,5,1527,510,49,6/5/2030,POL648544,110608,Palakkad,Active,8/4/2027
V0365,KL-06-RB-4813,VIN31689668362025,Toyota,Corolla,1.8 G,2023,5/27/2023,Sedan,Petrol,Inline-4,1800,Automatic,FWD,Grey,5,1478,536,43,5/25/2028,POL794407,34454,Palakkad,Active,6/9/2024
V0366,KL-04-MA-2518,VIN78158136329601,Mahindra,Scorpio N,Z8,2019,6/16/2019,SUV,Diesel,Inline-4,2200,Automatic,RWD,Red,5,1367,627,61,6/14/2024,POL496914,47249,Trivandrum,Active,7/14/2020
V0367,KL-08-KM-5207,VIN87486478074282,Mahindra,Scorpio N,Z8,2021,6/19/2021,SUV,Diesel,Inline-4,2200,Automatic,RWD,Silver,5,1438,492,68,6/18/2026,POL345128,117104,Thrissur,Active,3/4/2024
V0368,KL-02-VG-6545,VIN98731894015324,Mahindra,Scorpio N,Z8,2019,1/24/2019,SUV,Diesel,Inline-4,2200,Automatic,RWD,Black,5,1526,475,61,1/23/2024,POL527207,85605,Trivandrum,Active,4/27/2020
V0369,KL-14-YU-1080,VIN70734996616397,Toyota,Corolla,1.8 G,2019,10/9/2019,Sedan,Petrol,Inline-4,1800,Automatic,FWD,Blue,5,1983,486,62,10/7/2024,POL193787,134147,Thrissur,Active,10/16/2023
V0370,KL-07-VT-3676,VIN33028040123427,Ashok Leyland,Boss,1415,2024,2/23/2024,Truck,Diesel,Inline-4,3800,Manual,RWD,Red,2,14533,4089,241,2/21/2029,POL525576,92684,Trivandrum,Active,2/8/2028
V0371,KL-06-ZE-6277,VIN32119097565547,Mahindra,Scorpio N,Z8,2020,5/12/2020,SUV,Diesel,Inline-4,2200,Automatic,RWD,Red,5,1824,560,51,5/11/2025,POL429881,85749,Kozhikode,Maintenance,12/16/2023
V0372,KL-02-JC-6126,VIN84693067451170,Eicher,Pro 2049,LNT,2024,8/18/2024,Truck,Diesel,Inline-4,3000,Manual,RWD,Black,2,7667,3618,147,8/17/2029,POL624613,63536,Kozhikode,Active,9/9/2026
V0373,KL-04-FZ-3377,VIN33379967363959,Eicher,Pro 2049,LNT,2025,2/9/2025,Truck,Diesel,Inline-4,3000,Manual,RWD,Black,2,15015,6310,134,2/8/2030,POL727481,84486,Kochi,Active,1/18/2029
V0374,KL-13-NO-1869,VIN23647109250699,Eicher,Pro 2049,LNT,2021,11/3/2021,Truck,Diesel,Inline-4,3000,Manual,RWD,Silver,2,15869,6782,234,11/2/2026,POL984866,151445,Kozhikode,Active,1/12/2024
V0375,KL-01-LQ-1027,VIN95303914890132,Eicher,Pro 2049,LNT,2024,8/24/2024,Truck,Diesel,Inline-4,3000,Manual,RWD,Silver,2,15635,4918,236,8/23/2029,POL132892,13581,Thrissur,Active,1/10/2027
V0376,KL-01-NS-4016,VIN14565123998269,Tata,Nexon,XZ+,2021,5/21/2021,SUV,Diesel,Inline-4,1500,Manual,RWD,White,5,2123,640,54,5/20/2026,POL974697,116206,Thrissur,Active,3/19/2024
V0377,KL-13-KV-2961,VIN38587583274484,Eicher,Pro 2049,LNT,2024,7/20/2024,Truck,Diesel,Inline-4,3000,Manual,RWD,Black,2,8001,4316,144,7/19/2029,POL526270,10501,Kochi,Active,12/11/2025
V0378,KL-12-SQ-1257,VIN82511254421873,Ashok Leyland,Boss,1415,2019,4/24/2019,Truck,Diesel,Inline-4,3800,Manual,RWD,Black,2,15606,6324,177,4/22/2024,POL678658,140269,Thrissur,Active,1/26/2023
V0379,KL-06-DH-1470,VIN27864049960328,Toyota,Hilux,2.8 GD,2024,4/10/2024,Pickup,Diesel,Inline-4,2800,Manual,RWD,Grey,5,1627,626,70,4/9/2029,POL593758,53303,Palakkad,Active,2/6/2026
V0380,KL-08-XI-5359,VIN81201545828901,Toyota,Hilux,2.8 GD,2020,3/9/2020,Pickup,Diesel,Inline-4,2800,Manual,RWD,Black,5,1854,353,46,3/8/2025,POL485638,43041,Kozhikode,Active,7/2/2023
V0381,KL-13-QL-3377,VIN13362089604649,Toyota,Hilux,2.8 GD,2023,6/4/2023,Pickup,Diesel,Inline-4,2800,Manual,RWD,Grey,5,1274,544,66,6/2/2028,POL756599,56003,Kochi,Maintenance,2/22/2027
V0382,KL-01-PU-4730,VIN43355927360064,Mahindra,Scorpio N,Z8,2019,6/13/2019,SUV,Diesel,Inline-4,2200,Automatic,RWD,Black,5,1479,694,49,6/11/2024,POL144980,172866,Kochi,Active,7/26/2022
V0383,KL-05-PP-1666,VIN20403334767225,Tata,Nexon,XZ+,2022,8/12/2022,SUV,Diesel,Inline-4,1500,Manual,RWD,Grey,5,1836,492,48,8/11/2027,POL885228,36292,Palakkad,Maintenance,1/20/2023
V0384,KL-01-UT-8714,VIN11293977697382,Tata,Nexon,XZ+,2021,1/19/2021,SUV,Diesel,Inline-4,1500,Manual,RWD,Red,5,2104,636,61,1/18/2026,POL375085,58921,Palakkad,Active,3/17/2024
V0385,KL-02-LM-2839,VIN34642131168407,Toyota,Corolla,1.8 G,2022,5/3/2022,Sedan,Petrol,Inline-4,1800,Automatic,FWD,Red,5,1676,408,51,5/2/2027,POL150889,47765,Trivandrum,Active,10/6/2023
V0386,KL-06-ZE-7729,VIN86305554570157,Ashok Leyland,Boss,1415,2020,11/14/2020,Truck,Diesel,Inline-4,3800,Manual,RWD,Grey,2,7269,3843,215,11/13/2025,POL647999,9904,Palakkad,Active,2/17/2023
V0387,KL-01-OW-6957,VIN49167692586781,Mahindra,Scorpio N,Z8,2019,8/7/2019,SUV,Diesel,Inline-4,2200,Automatic,RWD,Blue,5,1802,676,63,8/5/2024,POL418509,110642,Kozhikode,Active,10/15/2022
V0388,KL-07-GH-5426,VIN55217106079123,Toyota,Corolla,1.8 G,2019,11/12/2019,Sedan,Petrol,Inline-4,1800,Automatic,FWD,White,5,1481,540,55,11/10/2024,POL890673,80185,Palakkad,Active,2/24/2020
V0389,KL-01-WI-7699,VIN44741785787865,Eicher,Pro 2049,LNT,2024,10/28/2024,Truck,Diesel,Inline-4,3000,Manual,RWD,Black,2,15767,7068,219,10/27/2029,POL704489,29934,Kochi,Active,5/27/2027
V0390,KL-03-UL-6068,VIN76506164835634,Toyota,Hilux,2.8 GD,2020,11/15/2020,Pickup,Diesel,Inline-4,2800,Manual,RWD,Black,5,1776,491,52,11/14/2025,POL713178,34580,Kochi,Active,12/12/2023
V0391,KL-07-UX-8304,VIN91560793963224,Mahindra,Scorpio N,Z8,2021,2/3/2021,SUV,Diesel,Inline-4,2200,Automatic,RWD,Red,5,1710,322,48,2/2/2026,POL565151,17673,Trivandrum,Maintenance,8/30/2022
V0392,KL-01-KD-5745,VIN43450274543087,Tata,Nexon,XZ+,2019,3/11/2019,SUV,Diesel,Inline-4,1500,Manual,RWD,Grey,5,1470,496,61,3/9/2024,POL214848,123907,Kochi,Active,4/17/2023
V0393,KL-04-AA-2203,VIN86899074764948,Mahindra,Scorpio N,Z8,2023,8/22/2023,SUV,Diesel,Inline-4,2200,Automatic,RWD,Grey,5,1561,504,41,8/20/2028,POL302040,146022,Thrissur,Active,4/25/2027
V0394,KL-12-PF-9543,VIN57201781617174,Eicher,Pro 2049,LNT,2019,12/1/2019,Truck,Diesel,Inline-4,3000,Manual,RWD,Black,2,7876,6996,165,11/29/2024,POL915709,154718,Palakkad,Active,3/25/2020
V0395,KL-10-RT-7506,VIN29385162961388,Toyota,Corolla,1.8 G,2023,2/10/2023,Sedan,Petrol,Inline-4,1800,Automatic,FWD,White,5,1935,628,40,2/9/2028,POL664790,96406,Kozhikode,Active,3/5/2024
V0396,KL-08-GJ-5056,VIN14301558555528,Toyota,Hilux,2.8 GD,2023,8/21/2023,Pickup,Diesel,Inline-4,2800,Manual,RWD,Black,5,1215,339,59,8/19/2028,POL881081,23500,Kochi,Active,10/17/2024
V0397,KL-08-GW-8075,VIN45820246733895,Tata,Nexon,XZ+,2025,4/25/2025,SUV,Diesel,Inline-4,1500,Manual,RWD,Grey,5,1536,358,40,4/24/2030,POL293053,146241,Kochi,Active,4/22/2027
V0398,KL-04-DT-6480,VIN65863604713825,Mahindra,Scorpio N,Z8,2021,7/9/2021,SUV,Diesel,Inline-4,2200,Automatic,RWD,Silver,5,1299,551,49,7/8/2026,POL603440,12923,Trivandrum,Active,1/21/2024
V0399,KL-08-OU-1908,VIN61462703456399,Mahindra,Scorpio N,Z8,2024,9/24/2024,SUV,Diesel,Inline-4,2200,Automatic,RWD,Blue,5,1434,543,58,9/23/2029,POL934934,151600,Trivandrum,Active,12/23/2027
V0400,KL-11-NZ-1367,VIN70049158876178,Eicher,Pro 2049,LNT,2020,2/27/2020,Truck,Diesel,Inline-4,3000,Manual,RWD,Red,2,7614,4709,228,2/25/2025,POL308575,138906,Thrissur,Active,8/18/2020
V0401,KL-06-CJ-5251,VIN75706172258516,Toyota,Hilux,2.8 GD,2022,2/3/2022,Pickup,Diesel,Inline-4,2800,Manual,RWD,Red,5,1214,588,46,2/2/2027,POL549482,136289,Palakkad,Maintenance,12/25/2023
V0402,KL-03-MH-5566,VIN29813131970923,Ashok Leyland,Boss,1415,2021,6/7/2021,Truck,Diesel,Inline-4,3800,Manual,RWD,Grey,2,13770,7561,213,6/6/2026,POL950270,166308,Palakkad,Maintenance,12/1/2022
V0403,KL-10-VR-5432,VIN64980563948091,Mahindra,Scorpio N,Z8,2023,4/19/2023,SUV,Diesel,Inline-4,2200,Automatic,RWD,Blue,5,1892,394,54,4/17/2028,POL781822,129397,Palakkad,Maintenance,1/27/2026
V0404,KL-02-RZ-6377,VIN37601613613769,Tata,Nexon,XZ+,2020,5/1/2020,SUV,Diesel,Inline-4,1500,Manual,RWD,Red,5,2176,471,46,4/30/2025,POL657741,178919,Kozhikode,Maintenance,9/2/2022
V0405,KL-03-AW-5476,VIN61356259445729,Toyota,Corolla,1.8 G,2021,3/2/2021,Sedan,Petrol,Inline-4,1800,Automatic,FWD,Black,5,1730,361,65,3/1/2026,POL839126,145744,Trivandrum,Active,11/21/2024
V0406,KL-01-PL-5238,VIN88071122709234,Mahindra,Scorpio N,Z8,2022,11/25/2022,SUV,Diesel,Inline-4,2200,Automatic,RWD,Black,5,2042,663,68,11/24/2027,POL818636,42949,Thrissur,Maintenance,4/3/2025
V0407,KL-09-LN-7195,VIN93523024689831,Eicher,Pro 2049,LNT,2023,2/4/2023,Truck,Diesel,Inline-4,3000,Manual,RWD,Grey,2,11007,4020,169,2/3/2028,POL559276,164151,Palakkad,Active,5/1/2024
V0408,KL-05-JV-3120,VIN19777381229159,Toyota,Corolla,1.8 G,2019,3/26/2019,Sedan,Petrol,Inline-4,1800,Automatic,FWD,Blue,5,1558,583,57,3/24/2024,POL439674,50231,Kozhikode,Active,6/10/2020
V0409,KL-08-GY-8172,VIN35329325682906,Eicher,Pro 2049,LNT,2020,1/16/2020,Truck,Diesel,Inline-4,3000,Manual,RWD,Grey,2,9345,3236,208,1/14/2025,POL256377,100431,Kochi,Active,12/31/2022
V0410,KL-12-TD-4919,VIN62014665087115,Tata,Nexon,XZ+,2022,7/24/2022,SUV,Diesel,Inline-4,1500,Manual,RWD,Grey,5,1404,480,66,7/23/2027,POL242102,129953,Trivandrum,Maintenance,7/28/2026
V0411,KL-06-JW-9728,VIN88193665789003,Eicher,Pro 2049,LNT,2021,10/14/2021,Truck,Diesel,Inline-4,3000,Manual,RWD,Grey,2,12910,5052,127,10/13/2026,POL403522,94008,Kozhikode,Active,3/19/2023
V0412,KL-02-CX-4633,VIN90122178231791,Eicher,Pro 2049,LNT,2022,8/11/2022,Truck,Diesel,Inline-4,3000,Manual,RWD,Grey,2,8581,5516,216,8/10/2027,POL747568,169985,Trivandrum,Active,9/8/2025
V0413,KL-07-EK-9272,VIN92502996503211,Toyota,Corolla,1.8 G,2025,8/15/2025,Sedan,Petrol,Inline-4,1800,Automatic,FWD,Silver,5,1888,305,42,8/14/2030,POL571106,35136,Thrissur,Active,7/29/2028
V0414,KL-04-LW-4467,VIN67613631938423,Ashok Leyland,Boss,1415,2021,5/16/2021,Truck,Diesel,Inline-4,3800,Manual,RWD,Grey,2,13101,7713,138,5/15/2026,POL123049,140875,Palakkad,Maintenance,2/12/2025
V0415,KL-13-GL-3243,VIN39033916650117,Toyota,Hilux,2.8 GD,2024,6/13/2024,Pickup,Diesel,Inline-4,2800,Manual,RWD,Red,5,1779,652,59,6/12/2029,POL893192,22291,Kochi,Active,5/12/2025
V0416,KL-05-WN-8172,VIN64978363581623,Eicher,Pro 2049,LNT,2025,10/4/2025,Truck,Diesel,Inline-4,3000,Manual,RWD,White,2,9935,7490,250,10/3/2030,POL794698,55034,Thrissur,Active,10/17/2029
V0417,KL-02-RF-3505,VIN56159657355287,Toyota,Corolla,1.8 G,2024,8/16/2024,Sedan,Petrol,Inline-4,1800,Automatic,FWD,Blue,5,2090,375,62,8/15/2029,POL532156,78056,Kozhikode,Active,3/3/2027
V0418,KL-06-LU-1277,VIN67722065865975,Tata,Nexon,XZ+,2023,3/28/2023,SUV,Diesel,Inline-4,1500,Manual,RWD,Red,5,1410,424,43,3/26/2028,POL690362,72025,Palakkad,Active,1/21/2025
V0419,KL-13-LA-4493,VIN92583956627222,Tata,Nexon,XZ+,2022,4/20/2022,SUV,Diesel,Inline-4,1500,Manual,RWD,Red,5,1359,682,63,4/19/2027,POL500997,102823,Kochi,Maintenance,5/12/2026
V0420,KL-05-PN-7402,VIN54754098286505,Eicher,Pro 2049,LNT,2025,7/23/2025,Truck,Diesel,Inline-4,3000,Manual,RWD,Grey,2,8036,4715,172,7/22/2030,POL405414,112151,Kozhikode,Active,4/11/2029
V0421,KL-14-VA-1162,VIN18688127315726,Eicher,Pro 2049,LNT,2020,9/11/2020,Truck,Diesel,Inline-4,3000,Manual,RWD,White,2,15813,4809,167,9/10/2025,POL185289,75927,Palakkad,Active,6/12/2023
V0422,KL-09-CU-6421,VIN55861659194398,Ashok Leyland,Boss,1415,2023,1/9/2023,Truck,Diesel,Inline-4,3800,Manual,RWD,Red,2,11632,5889,183,1/8/2028,POL669262,71103,Thrissur,Maintenance,4/5/2024
V0423,KL-13-ZY-1132,VIN67554602174250,Ashok Leyland,Boss,1415,2020,5/17/2020,Truck,Diesel,Inline-4,3800,Manual,RWD,Black,2,15278,7918,168,5/16/2025,POL293216,81688,Palakkad,Active,2/26/2023
V0424,KL-13-WT-3823,VIN83797355957368,Toyota,Corolla,1.8 G,2019,10/18/2019,Sedan,Petrol,Inline-4,1800,Automatic,FWD,Black,5,1546,411,55,10/16/2024,POL901585,146882,Kozhikode,Active,9/10/2021
V0425,KL-10-OX-7863,VIN14272196635836,Tata,Nexon,XZ+,2021,3/7/2021,SUV,Diesel,Inline-4,1500,Manual,RWD,White,5,2176,477,48,3/6/2026,POL788372,155004,Kochi,Maintenance,3/19/2023
V0426,KL-10-YP-7523,VIN52361327265196,Toyota,Corolla,1.8 G,2024,2/19/2024,Sedan,Petrol,Inline-4,1800,Automatic,FWD,Silver,5,1555,559,46,2/17/2029,POL369149,53306,Thrissur,Active,1/1/2026
V0427,KL-01-RN-1551,VIN87767187748179,Toyota,Corolla,1.8 G,2024,4/16/2024,Sedan,Petrol,Inline-4,1800,Automatic,FWD,Black,5,1870,692,59,4/15/2029,POL646706,103250,Thrissur,Active,10/24/2027
V0428,KL-12-WP-8242,VIN39963447402064,Eicher,Pro 2049,LNT,2024,8/5/2024,Truck,Diesel,Inline-4,3000,Manual,RWD,Black,2,12438,5285,165,8/4/2029,POL903428,45765,Trivandrum,Active,2/7/2025
V0429,KL-02-TO-3212,VIN32946883032707,Ashok Leyland,Boss,1415,2024,6/1/2024,Truck,Diesel,Inline-4,3800,Manual,RWD,White,2,7731,6934,160,5/31/2029,POL871263,35551,Trivandrum,Active,10/31/2026
V0430,KL-09-QT-6197,VIN26440774215035,Eicher,Pro 2049,LNT,2022,2/4/2022,Truck,Diesel,Inline-4,3000,Manual,RWD,Black,2,14781,5128,135,2/3/2027,POL114429,84568,Kochi,Active,3/14/2026
V0431,KL-02-YX-7437,VIN24852296570925,Toyota,Corolla,1.8 G,2025,10/14/2025,Sedan,Petrol,Inline-4,1800,Automatic,FWD,Silver,5,1827,380,55,10/13/2030,POL962366,142471,Kozhikode,Active,8/23/2026
V0432,KL-07-PK-5733,VIN24481092200054,Toyota,Corolla,1.8 G,2022,2/18/2022,Sedan,Petrol,Inline-4,1800,Automatic,FWD,Silver,5,1518,674,55,2/17/2027,POL883479,75006,Trivandrum,Maintenance,4/13/2025
V0433,KL-05-TH-3124,VIN67457892424902,Ashok Leyland,Boss,1415,2025,8/27/2025,Truck,Diesel,Inline-4,3800,Manual,RWD,Red,2,8170,4268,143,8/26/2030,POL857135,115061,Palakkad,Active,4/12/2026
V0434,KL-06-SW-8071,VIN49306451515241,Eicher,Pro 2049,LNT,2025,2/16/2025,Truck,Diesel,Inline-4,3000,Manual,RWD,White,2,14233,5703,209,2/15/2030,POL787208,178726,Trivandrum,Maintenance,12/3/2028
V0435,KL-10-PF-2053,VIN82211661491699,Toyota,Corolla,1.8 G,2021,5/28/2021,Sedan,Petrol,Inline-4,1800,Automatic,FWD,Red,5,1602,478,40,5/27/2026,POL156668,176837,Thrissur,Active,3/2/2025
V0436,KL-02-HE-9225,VIN44720933889968,Mahindra,Scorpio N,Z8,2024,6/3/2024,SUV,Diesel,Inline-4,2200,Automatic,RWD,White,5,1758,328,54,6/2/2029,POL584402,142155,Kochi,Active,4/3/2026
V0437,KL-02-KA-4945,VIN42345077131943,Eicher,Pro 2049,LNT,2022,2/20/2022,Truck,Diesel,Inline-4,3000,Manual,RWD,Grey,2,15660,4420,196,2/19/2027,POL745444,36556,Palakkad,Active,9/20/2022
V0438,KL-01-TS-2817,VIN32786713592212,Eicher,Pro 2049,LNT,2024,3/4/2024,Truck,Diesel,Inline-4,3000,Manual,RWD,Silver,2,10247,3238,124,3/3/2029,POL490085,89953,Palakkad,Active,10/2/2026
V0439,KL-10-PR-5746,VIN65419390318987,Tata,Nexon,XZ+,2021,9/11/2021,SUV,Diesel,Inline-4,1500,Manual,RWD,Silver,5,1390,611,52,9/10/2026,POL684902,112487,Kochi,Maintenance,8/30/2023
V0440,KL-07-AZ-3143,VIN10072334380434,Ashok Leyland,Boss,1415,2020,3/27/2020,Truck,Diesel,Inline-4,3800,Manual,RWD,Red,2,13709,3331,165,3/26/2025,POL737835,123461,Thrissur,Active,5/7/2021
V0441,KL-09-MB-1643,VIN48724518401055,Toyota,Hilux,2.8 GD,2022,4/5/2022,Pickup,Diesel,Inline-4,2800,Manual,RWD,White,5,1948,541,45,4/4/2027,POL371696,130674,Palakkad,Active,7/28/2025
V0442,KL-12-EE-3867,VIN80416982929642,Eicher,Pro 2049,LNT,2019,2/20/2019,Truck,Diesel,Inline-4,3000,Manual,RWD,Red,2,10738,7676,247,2/19/2024,POL410207,149409,Kochi,Active,2/6/2020
V0443,KL-08-RM-2328,VIN92080579718332,Toyota,Hilux,2.8 GD,2025,3/14/2025,Pickup,Diesel,Inline-4,2800,Manual,RWD,Silver,5,1574,569,44,3/13/2030,POL193828,15793,Thrissur,Active,9/23/2027
V0444,KL-01-DD-7608,VIN73803630676606,Toyota,Corolla,1.8 G,2024,4/21/2024,Sedan,Petrol,Inline-4,1800,Automatic,FWD,Grey,5,2007,321,56,4/20/2029,POL693597,168621,Trivandrum,Active,12/16/2026
V0445,KL-01-LF-3641,VIN51951770971919,Ashok Leyland,Boss,1415,2025,1/12/2025,Truck,Diesel,Inline-4,3800,Manual,RWD,Grey,2,13597,4386,151,1/11/2030,POL472331,59650,Kozhikode,Maintenance,4/13/2028
V0446,KL-01-II-6696,VIN96624610286018,Eicher,Pro 2049,LNT,2020,12/12/2020,Truck,Diesel,Inline-4,3000,Manual,RWD,Red,2,10865,7273,228,12/11/2025,POL618675,162008,Trivandrum,Active,2/21/2023
V0447,KL-01-ST-4177,VIN67495793615385,Eicher,Pro 2049,LNT,2022,3/14/2022,Truck,Diesel,Inline-4,3000,Manual,RWD,Silver,2,13668,5212,172,3/13/2027,POL123980,29321,Kochi,Active,10/23/2025
V0448,KL-04-TW-2228,VIN47101948760095,Ashok Leyland,Boss,1415,2023,4/26/2023,Truck,Diesel,Inline-4,3800,Manual,RWD,Red,2,10191,6309,197,4/24/2028,POL821339,140865,Kozhikode,Active,4/20/2024
V0449,KL-02-CS-2262,VIN92705779813255,Toyota,Corolla,1.8 G,2019,1/9/2019,Sedan,Petrol,Inline-4,1800,Automatic,FWD,Red,5,2021,663,61,1/8/2024,POL885418,135241,Palakkad,Active,10/25/2021
V0450,KL-13-KQ-3371,VIN62272436773385,Toyota,Corolla,1.8 G,2021,11/27/2021,Sedan,Petrol,Inline-4,1800,Automatic,FWD,Black,5,1340,669,40,11/26/2026,POL367984,149663,Thrissur,Maintenance,10/24/2025
V0451,KL-03-LQ-4445,VIN77805369763786,Toyota,Corolla,1.8 G,2022,3/23/2022,Sedan,Petrol,Inline-4,1800,Automatic,FWD,Blue,5,1833,444,44,3/22/2027,POL651733,157982,Kozhikode,Active,12/8/2024
V0452,KL-05-GN-7639,VIN54049934561022,Eicher,Pro 2049,LNT,2024,11/27/2024,Truck,Diesel,Inline-4,3000,Manual,RWD,Blue,2,11895,4070,217,11/26/2029,POL806578,7908,Palakkad,Active,3/15/2027
V0453,KL-01-AF-5261,VIN51523211857614,Mahindra,Scorpio N,Z8,2019,3/23/2019,SUV,Diesel,Inline-4,2200,Automatic,RWD,Blue,5,1347,327,55,3/21/2024,POL638226,63104,Kochi,Maintenance,8/11/2022
V0454,KL-08-AR-6506,VIN10562691288023,Tata,Nexon,XZ+,2021,1/3/2021,SUV,Diesel,Inline-4,1500,Manual,RWD,Grey,5,1873,539,67,1/2/2026,POL730816,85709,Palakkad,Active,12/18/2024
V0455,KL-08-YF-4029,VIN82388645634889,Eicher,Pro 2049,LNT,2025,11/24/2025,Truck,Diesel,Inline-4,3000,Manual,RWD,White,2,7790,5505,178,11/23/2030,POL600403,44117,Kozhikode,Active,10/29/2029
V0456,KL-10-DU-8070,VIN55255773228047,Toyota,Corolla,1.8 G,2022,1/13/2022,Sedan,Petrol,Inline-4,1800,Automatic,FWD,Silver,5,2199,460,47,1/12/2027,POL139648,74345,Kochi,Maintenance,1/11/2025
V0457,KL-14-JK-1869,VIN86370745023014,Eicher,Pro 2049,LNT,2021,4/19/2021,Truck,Diesel,Inline-4,3000,Manual,RWD,White,2,9543,3979,126,4/18/2026,POL709017,31453,Kochi,Active,7/30/2024
V0458,KL-08-TE-4650,VIN94051020819002,Eicher,Pro 2049,LNT,2023,12/8/2023,Truck,Diesel,Inline-4,3000,Manual,RWD,Red,2,9328,3691,178,12/6/2028,POL602766,113255,Kochi,Active,12/7/2026
V0459,KL-03-MZ-4969,VIN98056249177609,Toyota,Corolla,1.8 G,2020,8/14/2020,Sedan,Petrol,Inline-4,1800,Automatic,FWD,Grey,5,1460,694,60,8/13/2025,POL394650,83529,Palakkad,Maintenance,8/24/2023
V0460,KL-04-MH-6141,VIN50466665628274,Mahindra,Scorpio N,Z8,2021,1/4/2021,SUV,Diesel,Inline-4,2200,Automatic,RWD,Silver,5,2199,440,54,1/3/2026,POL464085,25144,Trivandrum,Active,6/16/2024
V0461,KL-04-HK-2358,VIN39429932762952,Eicher,Pro 2049,LNT,2025,2/24/2025,Truck,Diesel,Inline-4,3000,Manual,RWD,Grey,2,15728,6084,164,2/23/2030,POL318552,119247,Palakkad,Active,12/19/2026
V0462,KL-12-YY-9689,VIN98237301096445,Eicher,Pro 2049,LNT,2022,8/14/2022,Truck,Diesel,Inline-4,3000,Manual,RWD,Black,2,10122,6216,225,8/13/2027,POL348409,69305,Trivandrum,Active,8/6/2026
V0463,KL-05-NZ-8645,VIN65135846357550,Toyota,Hilux,2.8 GD,2024,5/4/2024,Pickup,Diesel,Inline-4,2800,Manual,RWD,Black,5,2143,506,51,5/3/2029,POL889565,45084,Palakkad,Active,1/30/2026
V0464,KL-01-FN-6509,VIN12467159585638,Toyota,Corolla,1.8 G,2024,9/13/2024,Sedan,Petrol,Inline-4,1800,Automatic,FWD,White,5,2115,430,55,9/12/2029,POL878717,148177,Thrissur,Active,10/15/2028
V0465,KL-01-GT-6676,VIN39433900838989,Eicher,Pro 2049,LNT,2023,12/24/2023,Truck,Diesel,Inline-4,3000,Manual,RWD,White,2,10190,3580,182,12/22/2028,POL853050,96963,Kochi,Active,12/8/2025
V0466,KL-14-CE-8661,VIN47929283331529,Ashok Leyland,Boss,1415,2023,12/17/2023,Truck,Diesel,Inline-4,3800,Manual,RWD,Silver,2,7195,3007,173,12/15/2028,POL215504,49796,Kochi,Active,9/6/2027
V0467,KL-13-QZ-4837,VIN49534320096578,Ashok Leyland,Boss,1415,2024,6/4/2024,Truck,Diesel,Inline-4,3800,Manual,RWD,White,2,10664,7545,214,6/3/2029,POL691620,114972,Trivandrum,Maintenance,1/5/2026
V0468,KL-13-CN-4079,VIN74585659537603,Eicher,Pro 2049,LNT,2020,12/22/2020,Truck,Diesel,Inline-4,3000,Manual,RWD,Grey,2,14830,6139,135,12/21/2025,POL253539,28986,Thrissur,Maintenance,6/22/2023
V0469,KL-11-NF-9830,VIN16188325268503,Tata,Nexon,XZ+,2020,1/13/2020,SUV,Diesel,Inline-4,1500,Manual,RWD,White,5,1255,304,50,1/11/2025,POL615433,55367,Trivandrum,Active,10/19/2021
V0470,KL-04-AJ-6872,VIN27117537248537,Mahindra,Scorpio N,Z8,2023,2/2/2023,SUV,Diesel,Inline-4,2200,Automatic,RWD,White,5,1973,419,69,2/1/2028,POL369491,41864,Trivandrum,Maintenance,7/20/2024
V0471,KL-02-KI-6819,VIN45934384607208,Mahindra,Scorpio N,Z8,2021,7/11/2021,SUV,Diesel,Inline-4,2200,Automatic,RWD,White,5,1915,457,60,7/10/2026,POL644399,34853,Kozhikode,Active,12/11/2024
V0472,KL-14-OQ-1435,VIN19323736989400,Eicher,Pro 2049,LNT,2020,12/22/2020,Truck,Diesel,Inline-4,3000,Manual,RWD,Grey,2,9441,4439,170,12/21/2025,POL306869,29363,Palakkad,Maintenance,1/10/2022
V0473,KL-07-PE-7029,VIN46886879507819,Tata,Nexon,XZ+,2022,9/17/2022,SUV,Diesel,Inline-4,1500,Manual,RWD,White,5,1253,342,42,9/16/2027,POL921788,17995,Thrissur,Active,11/6/2025
V0474,KL-02-MK-1183,VIN83799791872066,Eicher,Pro 2049,LNT,2024,9/18/2024,Truck,Diesel,Inline-4,3000,Manual,RWD,Blue,2,8924,4945,245,9/17/2029,POL449723,52255,Thrissur,Active,11/8/2027
V0475,KL-03-YI-4471,VIN38444586253551,Tata,Nexon,XZ+,2023,10/6/2023,SUV,Diesel,Inline-4,1500,Manual,RWD,Black,5,2190,537,69,10/4/2028,POL446164,17079,Trivandrum,Active,2/19/2027
V0476,KL-12-XO-8292,VIN69514096654150,Mahindra,Scorpio N,Z8,2023,8/4/2023,SUV,Diesel,Inline-4,2200,Automatic,RWD,Black,5,1898,580,61,8/2/2028,POL224420,173931,Kochi,Active,12/8/2025
V0477,KL-13-HP-9228,VIN65223536935184,Toyota,Corolla,1.8 G,2020,8/28/2020,Sedan,Petrol,Inline-4,1800,Automatic,FWD,Blue,5,1504,650,64,8/27/2025,POL627759,58417,Kozhikode,Active,1/5/2022
V0478,KL-02-LC-4373,VIN25485211622052,Ashok Leyland,Boss,1415,2020,3/27/2020,Truck,Diesel,Inline-4,3800,Manual,RWD,Grey,2,15196,6040,220,3/26/2025,POL966695,36003,Thrissur,Maintenance,2/9/2022
V0479,KL-08-VS-2390,VIN36289803261154,Toyota,Corolla,1.8 G,2020,10/4/2020,Sedan,Petrol,Inline-4,1800,Automatic,FWD,Grey,5,2095,373,45,10/3/2025,POL473766,36881,Palakkad,Active,11/15/2021
V0480,KL-04-ON-1786,VIN69966932715831,Toyota,Corolla,1.8 G,2019,9/11/2019,Sedan,Petrol,Inline-4,1800,Automatic,FWD,Blue,5,2002,429,61,9/9/2024,POL680053,150670,Thrissur,Maintenance,1/29/2023
V0481,KL-06-EE-8626,VIN47621951229059,Mahindra,Scorpio N,Z8,2023,8/7/2023,SUV,Diesel,Inline-4,2200,Automatic,RWD,Silver,5,1863,691,67,8/5/2028,POL836645,143337,Palakkad,Active,11/4/2024
V0482,KL-11-ZR-5691,VIN53297695216898,Toyota,Corolla,1.8 G,2022,8/17/2022,Sedan,Petrol,Inline-4,1800,Automatic,FWD,Silver,5,1983,350,63,8/16/2027,POL149480,146802,Trivandrum,Active,11/23/2022
V0483,KL-12-WH-8337,VIN84526122761403,Mahindra,Scorpio N,Z8,2019,4/4/2019,SUV,Diesel,Inline-4,2200,Automatic,RWD,Red,5,1605,528,70,4/2/2024,POL396777,124810,Palakkad,Maintenance,8/19/2021
V0484,KL-08-BQ-3932,VIN78491083448842,Tata,Nexon,XZ+,2023,8/2/2023,SUV,Diesel,Inline-4,1500,Manual,RWD,Black,5,1316,641,55,7/31/2028,POL992461,42316,Kozhikode,Maintenance,11/6/2026
V0485,KL-12-XX-6507,VIN44931081969784,Toyota,Hilux,2.8 GD,2022,9/3/2022,Pickup,Diesel,Inline-4,2800,Manual,RWD,Grey,5,2103,550,49,9/2/2027,POL668450,132176,Kochi,Active,3/28/2025
V0486,KL-08-TQ-5361,VIN52396170966840,Mahindra,Scorpio N,Z8,2022,1/7/2022,SUV,Diesel,Inline-4,2200,Automatic,RWD,White,5,1962,303,59,1/6/2027,POL619187,112406,Thrissur,Maintenance,4/22/2025
V0487,KL-11-XH-9815,VIN61929690595649,Toyota,Corolla,1.8 G,2025,3/22/2025,Sedan,Petrol,Inline-4,1800,Automatic,FWD,Black,5,1595,310,55,3/21/2030,POL103339,140722,Palakkad,Active,5/23/2026
V0488,KL-05-WR-9870,VIN49863140741410,Mahindra,Scorpio N,Z8,2022,8/3/2022,SUV,Diesel,Inline-4,2200,Automatic,RWD,Black,5,1542,343,62,8/2/2027,POL857625,48792,Thrissur,Active,2/10/2025
V0489,KL-07-RL-1176,VIN67244571546121,Eicher,Pro 2049,LNT,2025,8/15/2025,Truck,Diesel,Inline-4,3000,Manual,RWD,Silver,2,7826,7075,213,8/14/2030,POL131566,34306,Palakkad,Active,10/22/2026
V0490,KL-11-SJ-3544,VIN81927035806049,Ashok Leyland,Boss,1415,2021,10/3/2021,Truck,Diesel,Inline-4,3800,Manual,RWD,White,2,12940,5559,188,10/2/2026,POL278542,40602,Kochi,Maintenance,3/20/2025
V0491,KL-02-OI-6982,VIN84411253365029,Ashok Leyland,Boss,1415,2025,2/25/2025,Truck,Diesel,Inline-4,3800,Manual,RWD,Black,2,15949,6947,201,2/24/2030,POL313348,72964,Palakkad,Active,5/11/2026
V0492,KL-05-OT-2278,VIN23105951725280,Mahindra,Scorpio N,Z8,2019,11/13/2019,SUV,Diesel,Inline-4,2200,Automatic,RWD,Blue,5,2167,612,47,11/11/2024,POL891902,59976,Thrissur,Maintenance,8/23/2021
V0493,KL-06-TV-4546,VIN23727414270907,Ashok Leyland,Boss,1415,2025,8/26/2025,Truck,Diesel,Inline-4,3800,Manual,RWD,Grey,2,8231,6674,207,8/25/2030,POL411826,133562,Trivandrum,Active,1/11/2026
V0494,KL-11-KQ-4126,VIN13109704739034,Eicher,Pro 2049,LNT,2024,2/26/2024,Truck,Diesel,Inline-4,3000,Manual,RWD,Black,2,14733,5970,205,2/24/2029,POL195194,178377,Kochi,Maintenance,1/4/2025
V0495,KL-07-SR-7371,VIN82118236112212,Toyota,Corolla,1.8 G,2020,10/14/2020,Sedan,Petrol,Inline-4,1800,Automatic,FWD,Red,5,1669,697,48,10/13/2025,POL331024,47393,Trivandrum,Active,11/11/2021
V0496,KL-02-KF-9535,VIN74040835108945,Eicher,Pro 2049,LNT,2023,10/21/2023,Truck,Diesel,Inline-4,3000,Manual,RWD,White,2,14389,5124,223,10/19/2028,POL850338,159740,Palakkad,Maintenance,10/3/2025
V0497,KL-03-AG-4315,VIN67992186899499,Toyota,Hilux,2.8 GD,2024,9/22/2024,Pickup,Diesel,Inline-4,2800,Manual,RWD,Red,5,1586,372,43,9/21/2029,POL786873,12730,Trivandrum,Maintenance,11/2/2025
V0498,KL-03-JL-3020,VIN24598481740563,Mahindra,Scorpio N,Z8,2024,5/13/2024,SUV,Diesel,Inline-4,2200,Automatic,RWD,Red,5,1677,390,53,5/12/2029,POL634672,38196,Kozhikode,Active,11/9/2027
V0499,KL-12-NN-9799,VIN79803642140902,Mahindra,Scorpio N,Z8,2023,10/28/2023,SUV,Diesel,Inline-4,2200,Automatic,RWD,White,5,2093,486,48,10/26/2028,POL552893,177066,Kozhikode,Active,6/14/2025
V0500,KL-14-PZ-8658,VIN42173172534599,Tata,Nexon,XZ+,2025,3/12/2025,SUV,Diesel,Inline-4,1500,Manual,RWD,Silver,5,1250,677,66,3/11/2030,POL963302,157410,Trivandrum,Active,5/12/2028
