driver_id,driver_name,license_number,license_type,experience_years,risk_profile,driving_style,assigned_vehicle_id,joining_date,home_depot
D0001,Anand Das,DL17185705,LMV,4,Medium,Normal,V0158,2021-08-13,Thrissur
D0002,Rohit Kumar,DL79220547,LMV,20,Low,Safe,V0020,2021-07-01,Kochi
D0003,Akhil Babu,DL49294091,LMV,3,Medium,Normal,V0463,2019-01-25,Kochi
D0004,Rohit Das,DL32500462,MCWG,10,Low,Safe,V0278,2025-04-14,Trivandrum
D0005,Akhil Varma,DL17233917,HMV,4,Low,Safe,V0134,2020-09-07,Kochi
D0006,Sanjay Menon,DL64904976,MCWG,13,Medium,Normal,V0375,2023-11-26,Palakkad
D0007,Akhil Joseph,DL74422420,HMV,8,Low,Safe,V0030,2020-11-04,Kochi
D0008,Rohit Varma,DL88501569,LMV,17,Low,Safe,V0485,2024-08-19,Kozhikode
D0009,Arun Nair,DL66961897,MCWG,15,Medium,Normal,V0014,2024-10-27,Thrissur
D0010,Anand Pillai,DL39324132,HMV,18,Low,Safe,V0094,2019-10-20,Thrissur
D0011,Rahul Nair,DL83884097,MCWG,13,Low,Safe,V0116,2022-12-23,Palakkad
D0012,Vishnu Kumar,DL56806429,MCWG,11,Low,Safe,V0025,2020-08-04,Trivandrum
D0013,Sanjay Das,DL33978454,LMV,18,Low,Safe,V0262,2020-03-28,Thrissur
D0014,Anand Menon,DL83951665,HMV,6,Medium,Normal,V0323,2020-06-13,Kochi
D0015,Anand Nair,DL77753907,LMV,2,Medium,Normal,V0246,2020-07-02,Kozhikode
D0016,Nikhil Nair,DL27800095,LMV,11,Low,Safe,V0113,2024-05-07,Kozhikode
D0017,Rohit Varma,DL41012466,MCWG,1,Medium,Normal,V0451,2018-08-13,Trivandrum
D0018,Manu Nair,DL10874411,LMV,3,Medium,Normal,V0442,2025-01-23,Kochi
D0019,Sanjay Pillai,DL88509529,LMV,12,Low,Safe,V0437,2025-06-17,Kozhikode
D0020,Nikhil Varma,DL83309933,LMV,15,Medium,Normal,V0480,2018-10-15,Thrissur
D0021,Akash Pillai,DL84110389,HMV,13,Medium,Normal,V0008,2023-08-10,Trivandrum
D0022,Sanjay Menon,DL88759342,HMV,20,Low,Safe,V0057,2023-03-22,Palakkad
D0023,Nikhil Kumar,DL22981323,HMV,6,Low,Safe,V0137,2020-02-11,Palakkad
D0024,Nikhil Pillai,DL89669541,LMV,6,Medium,Normal,V0106,2024-11-14,Kozhikode
D0025,Sanjay Joseph,DL49618097,HMV,15,Medium,Normal,V0232,2024-04-09,Kochi
D0026,Rohit Joseph,DL95349555,LMV,11,Low,Safe,V0321,2018-12-04,Palakkad
D0027,Manu Das,DL23391172,LMV,13,Low,Safe,V0111,2024-01-04,Trivandrum
D0028,Sanjay Babu,DL72608046,LMV,13,High,Aggressive,V0382,2023-04-13,Trivandrum
D0029,Vishnu Das,DL47878514,LMV,13,Medium,Normal,V0488,2023-01-09,Palakkad
D0030,Nikhil Varma,DL98966810,MCWG,19,Medium,Normal,V0224,2022-04-24,Thrissur
D0031,Nikhil Nair,DL58667505,LMV,12,High,Aggressive,V0170,2021-05-09,Palakkad
D0032,Arun Kumar,DL38263519,LMV,20,Low,Safe,V0489,2020-02-26,Trivandrum
D0033,Vishnu Pillai,DL15896416,HMV,10,High,Aggressive,V0430,2023-05-23,Palakkad
D0034,Akash Das,DL10008164,HMV,6,Medium,Normal,V0374,2024-04-05,Trivandrum
D0035,Vishnu Menon,DL21128062,MCWG,6,Low,Safe,V0458,2025-03-06,Palakkad
D0036,Rahul Das,DL43964218,MCWG,20,Medium,Normal,V0294,2019-09-18,Thrissur
D0037,Akhil Babu,DL27182012,LMV,5,Low,Safe,V0241,2021-05-21,Palakkad
D0038,Sanjay Kumar,DL47653997,LMV,11,Low,Safe,V0133,2025-10-18,Palakkad
D0039,Manu Babu,DL64637954,MCWG,12,Low,Safe,V0383,2019-10-11,Palakkad
D0040,Akash Varma,DL71720602,MCWG,16,Medium,Normal,V0418,2024-07-01,Palakkad
D0041,Akash Nair,DL11796042,MCWG,8,Medium,Normal,V0456,2023-11-02,Trivandrum
D0042,Vishnu Das,DL75865170,HMV,1,Medium,Normal,V0394,2022-04-05,Kochi
D0043,Rahul Nair,DL33917268,MCWG,3,Low,Safe,V0471,2021-12-12,Palakkad
D0044,Akhil Joseph,DL27298346,HMV,1,Medium,Normal,V0389,2023-03-25,Palakkad
D0045,Arun Babu,DL94006880,MCWG,8,Medium,Normal,V0139,2021-01-10,Thrissur
D0046,Arun Varma,DL60505049,MCWG,19,High,Aggressive,V0065,2019-07-11,Kozhikode
D0047,Arun Pillai,DL14387735,MCWG,8,Medium,Normal,V0498,2019-08-16,Kozhikode
D0048,Sanjay Joseph,DL92073802,MCWG,18,High,Aggressive,V0177,2019-04-11,Thrissur
D0049,Akhil Menon,DL43837112,HMV,9,Medium,Normal,V0087,2022-07-20,Kochi
D0050,Nikhil Babu,DL59993029,LMV,1,Medium,Normal,V0023,2025-10-07,Trivandrum
D0051,Akhil Nair,DL54933695,LMV,18,Medium,Normal,V0409,2023-04-07,Kozhikode
D0052,Rahul Das,DL39377424,HMV,17,Low,Safe,V0264,2024-03-14,Trivandrum
D0053,Anand Babu,DL47522749,MCWG,17,Medium,Normal,V0179,2025-01-17,Thrissur
D0054,Rohit Babu,DL83103774,MCWG,2,Low,Safe,V0187,2024-05-28,Trivandrum
D0055,Rohit Pillai,DL13645580,HMV,5,Medium,Normal,V0169,2022-01-10,Kozhikode
D0056,Sanjay Joseph,DL24355621,LMV,2,Medium,Normal,V0120,2023-08-28,Kozhikode
D0057,Rohit Varma,DL68069200,MCWG,19,Low,Safe,V0391,2023-06-10,Palakkad
D0058,Rahul Varma,DL40302211,HMV,19,Medium,Normal,V0042,2020-05-26,Kochi
D0059,Sanjay Das,DL16359174,LMV,15,Low,Safe,V0450,2022-09-24,Kochi
D0060,Akash Nair,DL88208421,MCWG,10,Low,Safe,V0040,2021-07-27,Kozhikode
D0061,Vishnu Babu,DL86841555,MCWG,10,Medium,Normal,V0218,2020-07-09,Trivandrum
D0062,Akash Babu,DL88162385,HMV,17,Low,Safe,V0265,2019-11-26,Trivandrum
D0063,Sanjay Kumar,DL65510037,HMV,2,High,Aggressive,V0018,2020-04-21,Thrissur
D0064,Arun Joseph,DL74546377,LMV,3,Low,Safe,V0074,2018-08-05,Kochi
D0065,Manu Pillai,DL76969434,MCWG,14,Low,Safe,V0310,2024-03-23,Palakkad
D0066,Akhil Menon,DL83136901,MCWG,14,Medium,Normal,V0444,2019-10-17,Thrissur
D0067,Vishnu Kumar,DL28951340,MCWG,12,Medium,Normal,V0349,2022-08-28,Thrissur
D0068,Vishnu Joseph,DL76132333,MCWG,19,Medium,Normal,V0274,2021-02-05,Kozhikode
D0069,Nikhil Menon,DL27496072,HMV,16,High,Aggressive,V0076,2019-01-03,Trivandrum
D0070,Nikhil Pillai,DL21282836,MCWG,1,Low,Safe,V0291,2022-09-17,Kochi
D0071,Akash Babu,DL64107741,LMV,10,Medium,Normal,V0467,2020-10-24,Trivandrum
D0072,Akhil Kumar,DL82354290,MCWG,7,Medium,Normal,V0252,2023-11-12,Kozhikode
D0073,Akash Pillai,DL92522643,MCWG,5,High,Aggressive,V0160,2021-01-01,Palakkad
D0074,Nikhil Nair,DL93745359,HMV,14,High,Aggressive,V0387,2020-01-15,Kochi
D0075,Vishnu Kumar,DL74372126,LMV,8,Medium,Normal,V0037,2021-03-02,Thrissur
D0076,Anand Babu,DL30716040,HMV,10,Medium,Normal,V0258,2018-09-23,Thrissur
D0077,Vishnu Varma,DL10617820,LMV,1,Medium,Normal,V0170,2022-10-25,Kochi
D0078,Vishnu Menon,DL33521240,MCWG,14,High,Aggressive,V0442,2022-05-18,Kochi
D0079,Sanjay Varma,DL68200203,LMV,7,Low,Safe,V0166,2024-11-28,Palakkad
D0080,Sanjay Nair,DL26639205,MCWG,11,Medium,Normal,V0459,2024-03-23,Kozhikode
D0081,Rohit Kumar,DL13723604,MCWG,11,Low,Safe,V0235,2019-04-20,Kozhikode
D0082,Sanjay Varma,DL18045665,LMV,11,High,Aggressive,V0256,2019-12-14,Palakkad
D0083,Rohit Kumar,DL79995623,HMV,12,Low,Safe,V0027,2023-05-10,Palakkad
D0084,Nikhil Kumar,DL18687673,MCWG,2,Medium,Normal,V0237,2023-03-01,Palakkad
D0085,Rahul Varma,DL95730298,LMV,18,Medium,Normal,V0385,2019-04-23,Trivandrum
D0086,Rohit Babu,DL64966687,LMV,15,Low,Safe,V0222,2020-08-28,Palakkad
D0087,Akash Kumar,DL37617181,LMV,1,High,Aggressive,V0064,2018-11-17,Trivandrum
D0088,Rahul Varma,DL87747464,MCWG,10,Low,Safe,V0127,2024-08-01,Kochi
D0089,Akash Kumar,DL10646313,HMV,7,Low,Safe,V0286,2025-12-06,Kochi
D0090,Akhil Das,DL54928843,HMV,8,Low,Safe,V0037,2022-09-10,Kochi
D0091,Anand Joseph,DL67523134,MCWG,17,Low,Safe,V0203,2023-04-03,Trivandrum
D0092,Anand Babu,DL62971822,MCWG,18,High,Aggressive,V0471,2021-03-15,Thrissur
D0093,Rahul Das,DL40079071,HMV,8,Medium,Normal,V0466,2025-12-24,Thrissur
D0094,Vishnu Joseph,DL15125185,MCWG,19,Low,Safe,V0210,2025-01-09,Kochi
D0095,Rohit Das,DL56711622,LMV,14,Medium,Normal,V0207,2022-10-24,Kochi
D0096,Akash Varma,DL97868101,HMV,12,High,Aggressive,V0420,2022-11-16,Kochi
D0097,Rahul Das,DL58712754,LMV,2,Medium,Normal,V0115,2023-01-09,Thrissur
D0098,Vishnu Nair,DL15147839,LMV,5,Medium,Normal,V0436,2021-05-01,Kochi
D0099,Akash Menon,DL79881476,HMV,17,Low,Safe,V0083,2019-03-10,Kozhikode
D0100,Rahul Menon,DL59083430,HMV,6,Medium,Normal,V0160,2019-03-20,Kochi
D0101,Anand Joseph,DL38201763,MCWG,13,Low,Safe,V0398,2022-07-07,Thrissur
D0102,Rahul Babu,DL63125059,HMV,6,High,Aggressive,V0337,2020-05-10,Palakkad
D0103,Arun Nair,DL40490702,HMV,16,Medium,Normal,V0075,2019-08-22,Thrissur
D0104,Akash Pillai,DL63015070,LMV,13,Medium,Normal,V0329,2025-04-06,Palakkad
D0105,Nikhil Nair,DL40491250,LMV,19,Low,Safe,V0011,2021-05-10,Kochi
D0106,Akash Babu,DL82744149,LMV,1,Medium,Normal,V0021,2022-12-13,Palakkad
D0107,Arun Das,DL51082906,HMV,10,Low,Safe,V0099,2024-01-14,Trivandrum
D0108,Sanjay Pillai,DL33950797,LMV,13,High,Aggressive,V0444,2021-01-20,Palakkad
D0109,Manu Das,DL10319296,LMV,4,Medium,Normal,V0345,2024-12-15,Palakkad
D0110,Anand Kumar,DL79072472,LMV,19,Low,Safe,V0465,2024-10-15,Kochi
D0111,Vishnu Pillai,DL57560308,MCWG,5,High,Aggressive,V0483,2018-11-22,Kochi
D0112,Nikhil Joseph,DL13704435,HMV,15,High,Aggressive,V0167,2020-01-18,Trivandrum
D0113,Sanjay Joseph,DL54430652,HMV,4,Medium,Normal,V0305,2020-09-20,Trivandrum
D0114,Sanjay Pillai,DL31978889,HMV,19,Low,Safe,V0412,2021-11-03,Kochi
D0115,Rohit Kumar,DL39921576,HMV,15,Low,Safe,V0090,2018-09-09,Kochi
D0116,Sanjay Das,DL58138711,LMV,9,Low,Safe,V0043,2024-10-10,Trivandrum
D0117,Anand Kumar,DL32836581,LMV,8,Medium,Normal,V0381,2019-01-12,Kozhikode
D0118,Anand Nair,DL72514826,LMV,16,Low,Safe,V0056,2025-04-15,Trivandrum
D0119,Akash Babu,DL63331608,HMV,1,Low,Safe,V0351,2018-08-16,Kochi
D0120,Manu Kumar,DL23198743,HMV,20,Low,Safe,V0237,2023-10-21,Kochi
D0121,Manu Joseph,DL59102644,LMV,20,Low,Safe,V0127,2024-09-12,Trivandrum
D0122,Arun Varma,DL25866891,LMV,6,Low,Safe,V0257,2019-01-07,Thrissur
D0123,Akhil Varma,DL53448879,MCWG,18,Low,Safe,V0215,2018-08-10,Kochi
D0124,Nikhil Menon,DL28375376,LMV,19,Medium,Normal,V0269,2024-08-13,Kozhikode
D0125,Akash Joseph,DL36801344,LMV,16,Medium,Normal,V0131,2021-03-27,Palakkad
D0126,Vishnu Das,DL40200082,MCWG,1,Medium,Normal,V0083,2024-04-14,Trivandrum
D0127,Rahul Pillai,DL68878424,LMV,11,Medium,Normal,V0398,2022-11-02,Palakkad
D0128,Akash Kumar,DL65123311,LMV,9,Low,Safe,V0236,2022-06-20,Kochi
D0129,Akash Das,DL25495310,HMV,10,Medium,Normal,V0224,2020-02-20,Thrissur
D0130,Manu Nair,DL80102402,LMV,1,High,Aggressive,V0499,2024-07-15,Thrissur
D0131,Rohit Kumar,DL14868177,MCWG,9,High,Aggressive,V0230,2022-03-16,Thrissur
D0132,Anand Menon,DL65248707,MCWG,8,Medium,Normal,V0388,2025-09-22,Trivandrum
D0133,Arun Kumar,DL72786483,LMV,14,Low,Safe,V0270,2025-02-08,Kozhikode
D0134,Arun Varma,DL32796955,HMV,12,Low,Safe,V0405,2018-02-15,Trivandrum
D0135,Nikhil Pillai,DL33257003,LMV,3,Medium,Normal,V0379,2020-12-05,Kochi
D0136,Nikhil Varma,DL34642628,HMV,15,Medium,Normal,V0335,2020-09-05,Trivandrum
D0137,Anand Das,DL58154386,MCWG,10,Low,Safe,V0044,2021-10-11,Palakkad
D0138,Rohit Kumar,DL78920452,MCWG,17,Low,Safe,V0329,2022-09-09,Palakkad
D0139,Manu Nair,DL64031484,LMV,11,Low,Safe,V0107,2022-10-13,Kozhikode
D0140,Akash Varma,DL77800982,LMV,2,Medium,Normal,V0385,2024-08-02,Kochi
D0141,Manu Joseph,DL87954964,HMV,4,Low,Safe,V0481,2025-05-19,Kozhikode
D0142,Vishnu Babu,DL60441867,LMV,9,Medium,Normal,V0204,2019-09-27,Palakkad
D0143,Anand Kumar,DL90207076,HMV,4,Medium,Normal,V0168,2018-03-09,Trivandrum
D0144,Akhil Babu,DL96593126,LMV,1,Medium,Normal,V0239,2023-01-22,Palakkad
D0145,Nikhil Varma,DL10341422,HMV,20,Medium,Normal,V0466,2021-02-03,Thrissur
D0146,Nikhil Menon,DL39022286,MCWG,16,Low,Safe,V0233,2019-01-20,Kochi
D0147,Arun Das,DL47234965,LMV,9,High,Aggressive,V0097,2023-03-09,Thrissur
D0148,Akash Pillai,DL63444927,HMV,9,Medium,Normal,V0168,2022-01-27,Trivandrum
D0149,Sanjay Kumar,DL53372827,HMV,7,Medium,Normal,V0408,2019-09-16,Kozhikode
D0150,Vishnu Menon,DL87810087,LMV,11,High,Aggressive,V0376,2019-01-23,Trivandrum
D0151,Anand Nair,DL39424385,LMV,8,Low,Safe,V0186,2023-01-08,Thrissur
D0152,Akash Das,DL79608513,LMV,15,High,Aggressive,V0479,2025-02-06,Palakkad
D0153,Rahul Babu,DL64429517,HMV,12,Medium,Normal,V0222,2021-07-12,Thrissur
D0154,Arun Menon,DL32873494,LMV,19,Medium,Normal,V0015,2025-04-23,Trivandrum
D0155,Akash Babu,DL93826392,MCWG,13,Low,Safe,V0480,2023-04-14,Thrissur
D0156,Akash Nair,DL58569593,MCWG,20,High,Aggressive,V0473,2019-06-02,Palakkad
D0157,Akash Pillai,DL33688410,LMV,3,Medium,Normal,V0282,2021-07-11,Trivandrum
D0158,Nikhil Varma,DL18385980,HMV,18,Low,Safe,V0221,2025-01-09,Kozhikode
D0159,Akash Menon,DL23539217,LMV,2,Medium,Normal,V0078,2021-11-10,Thrissur
D0160,Nikhil Kumar,DL45780092,LMV,5,Low,Safe,V0248,2022-06-10,Thrissur
D0161,Vishnu Varma,DL69289640,HMV,13,Low,Safe,V0226,2024-10-12,Trivandrum
D0162,Rohit Babu,DL85413749,LMV,14,Medium,Normal,V0045,2018-08-24,Trivandrum
D0163,Nikhil Kumar,DL42269233,MCWG,8,Medium,Normal,V0158,2019-03-21,Kochi
D0164,Vishnu Varma,DL55512757,MCWG,13,High,Aggressive,V0500,2024-06-07,Palakkad
D0165,Anand Menon,DL61964606,MCWG,12,Medium,Normal,V0292,2025-03-17,Palakkad
D0166,Akash Menon,DL17373527,HMV,1,Low,Safe,V0153,2024-02-08,Palakkad
D0167,Arun Varma,DL48757922,LMV,7,Medium,Normal,V0368,2021-02-03,Palakkad
D0168,Anand Joseph,DL54618391,HMV,5,Low,Safe,V0411,2023-02-13,Thrissur
D0169,Vishnu Babu,DL43435335,MCWG,7,Medium,Normal,V0468,2019-12-20,Palakkad
D0170,Sanjay Babu,DL49651221,LMV,15,Medium,Normal,V0029,2020-09-24,Kozhikode
D0171,Vishnu Menon,DL13976829,LMV,14,Medium,Normal,V0044,2025-04-19,Palakkad
D0172,Rahul Menon,DL48119100,MCWG,3,Medium,Normal,V0388,2025-07-23,Palakkad
D0173,Akash Nair,DL10396688,LMV,5,Low,Safe,V0097,2023-08-13,Thrissur
D0174,Nikhil Pillai,DL91350354,HMV,16,Medium,Normal,V0487,2025-05-25,Palakkad
D0175,Akash Pillai,DL76216036,LMV,10,Low,Safe,V0379,2021-12-19,Kochi
D0176,Arun Joseph,DL94450668,MCWG,5,Low,Safe,V0242,2018-01-06,Palakkad
D0177,Vishnu Babu,DL29258659,HMV,12,High,Aggressive,V0470,2025-02-04,Kochi
D0178,Arun Nair,DL56975090,LMV,12,Low,Safe,V0338,2024-10-03,Trivandrum
D0179,Nikhil Pillai,DL67143327,HMV,7,Medium,Normal,V0484,2022-03-18,Thrissur
D0180,Rohit Nair,DL33544927,LMV,1,High,Aggressive,V0447,2025-12-13,Kozhikode
D0181,Anand Joseph,DL28236194,HMV,16,High,Aggressive,V0336,2018-05-21,Thrissur
D0182,Manu Babu,DL59033947,LMV,4,Medium,Normal,V0164,2020-03-03,Kochi
D0183,Vishnu Pillai,DL80488067,MCWG,2,Low,Safe,V0383,2020-11-26,Thrissur
D0184,Manu Pillai,DL92064854,MCWG,12,High,Aggressive,V0178,2022-04-14,Thrissur
D0185,Akash Varma,DL79935441,LMV,7,High,Aggressive,V0057,2021-09-15,Kozhikode
D0186,Anand Kumar,DL29487122,MCWG,8,High,Aggressive,V0150,2022-03-14,Thrissur
D0187,Sanjay Menon,DL63412480,MCWG,4,High,Aggressive,V0205,2025-09-15,Trivandrum
D0188,Arun Das,DL33749265,HMV,6,Low,Safe,V0236,2022-12-21,Palakkad
D0189,Akash Das,DL54358267,HMV,8,Medium,Normal,V0114,2021-02-11,Thrissur
D0190,Rohit Kumar,DL34551903,HMV,15,Medium,Normal,V0136,2018-06-18,Kochi
D0191,Akash Babu,DL85955497,LMV,20,Low,Safe,V0142,2020-05-07,Thrissur
D0192,Nikhil Kumar,DL28183985,LMV,20,Medium,Normal,V0041,2021-12-06,Palakkad
D0193,Rahul Menon,DL62229059,HMV,4,High,Aggressive,V0155,2023-09-18,Trivandrum
D0194,Rohit Varma,DL18067484,HMV,15,Medium,Normal,V0259,2020-03-16,Kochi
D0195,Vishnu Nair,DL52207572,HMV,16,Low,Safe,V0480,2022-09-09,Palakkad
D0196,Akash Joseph,DL88827692,MCWG,2,Medium,Normal,V0089,2025-11-18,Kozhikode
D0197,Nikhil Nair,DL24158367,MCWG,19,Medium,Normal,V0416,2022-10-18,Kozhikode
D0198,Sanjay Varma,DL28419555,HMV,16,Medium,Normal,V0134,2019-06-04,Thrissur
D0199,Nikhil Babu,DL38277555,LMV,19,Low,Safe,V0439,2021-05-19,Kochi
D0200,Anand Varma,DL69301616,HMV,15,Low,Safe,V0004,2020-12-27,Thrissur
D0201,Vishnu Nair,DL91678084,HMV,17,Medium,Normal,V0469,2018-10-07,Kozhikode
D0202,Sanjay Varma,DL20221699,LMV,5,Low,Safe,V0176,2025-07-11,Kozhikode
D0203,Akash Nair,DL88586762,MCWG,20,Medium,Normal,V0282,2019-03-20,Thrissur
D0204,Vishnu Pillai,DL73673553,HMV,1,Medium,Normal,V0321,2025-05-08,Kochi
D0205,Rahul Kumar,DL23609986,MCWG,7,Medium,Normal,V0119,2018-02-13,Palakkad
D0206,Akash Das,DL34786095,HMV,10,Low,Safe,V0388,2019-06-03,Kochi
D0207,Rahul Joseph,DL56968283,MCWG,14,Medium,Normal,V0259,2025-05-13,Thrissur
D0208,Nikhil Babu,DL27215642,MCWG,10,Low,Safe,V0068,2023-05-12,Palakkad
D0209,Anand Das,DL21218679,MCWG,10,Low,Safe,V0046,2025-03-15,Thrissur
D0210,Rahul Varma,DL62692624,LMV,6,Low,Safe,V0206,2024-06-07,Palakkad
D0211,Nikhil Babu,DL47072183,LMV,10,Low,Safe,V0165,2025-08-07,Thrissur
D0212,Akash Varma,DL35895838,LMV,13,High,Aggressive,V0107,2023-02-18,Palakkad
D0213,Manu Nair,DL40489016,LMV,13,Low,Safe,V0218,2024-05-26,Thrissur
D0214,Nikhil Babu,DL38462957,HMV,14,Medium,Normal,V0042,2018-09-13,Palakkad
D0215,Anand Kumar,DL85739314,LMV,11,Low,Safe,V0294,2019-09-26,Kozhikode
D0216,Akash Pillai,DL33637074,LMV,9,High,Aggressive,V0254,2025-02-17,Thrissur
D0217,Anand Pillai,DL31189230,MCWG,9,Medium,Normal,V0448,2018-03-05,Palakkad
D0218,Manu Joseph,DL70662072,HMV,10,Medium,Normal,V0234,2018-11-08,Thrissur
D0219,Manu Varma,DL50642781,LMV,14,Medium,Normal,V0376,2022-06-12,Trivandrum
D0220,Rohit Das,DL64193007,MCWG,2,Medium,Normal,V0345,2019-08-14,Palakkad
D0221,Arun Kumar,DL37211100,MCWG,8,High,Aggressive,V0251,2020-02-12,Trivandrum
D0222,Sanjay Babu,DL99481966,MCWG,7,High,Aggressive,V0481,2018-11-23,Kochi
D0223,Anand Nair,DL24383424,HMV,2,Medium,Normal,V0316,2023-09-13,Kozhikode
D0224,Akash Kumar,DL96911980,LMV,1,Medium,Normal,V0399,2023-03-23,Kochi
D0225,Anand Pillai,DL31487104,MCWG,9,Medium,Normal,V0088,2022-08-17,Thrissur
D0226,Manu Pillai,DL75854247,LMV,6,Medium,Normal,V0005,2018-06-18,Kochi
D0227,Vishnu Menon,DL66378496,LMV,19,High,Aggressive,V0370,2024-01-02,Thrissur
D0228,Vishnu Das,DL40008819,HMV,18,Medium,Normal,V0224,2019-10-10,Trivandrum
D0229,Akhil Babu,DL14860210,MCWG,1,Medium,Normal,V0287,2022-08-26,Kochi
D0230,Akash Varma,DL48129434,HMV,11,Low,Safe,V0430,2024-04-14,Thrissur
D0231,Vishnu Nair,DL90706719,HMV,20,Low,Safe,V0098,2018-02-28,Kozhikode
D0232,Sanjay Nair,DL78255815,LMV,16,High,Aggressive,V0195,2021-04-21,Thrissur
D0233,Manu Menon,DL53711211,LMV,11,Low,Safe,V0320,2019-06-14,Thrissur
D0234,Rohit Joseph,DL82894977,MCWG,18,Medium,Normal,V0038,2020-02-14,Trivandrum
D0235,Anand Joseph,DL96605649,LMV,10,Medium,Normal,V0335,2023-06-23,Palakkad
D0236,Sanjay Pillai,DL80234493,HMV,10,Low,Safe,V0324,2018-01-22,Trivandrum
D0237,Rahul Pillai,DL83351122,MCWG,9,Medium,Normal,V0043,2019-05-02,Kozhikode
D0238,Rahul Pillai,DL35373274,LMV,14,Low,Safe,V0380,2019-02-23,Kochi
D0239,Rohit Pillai,DL34356417,LMV,13,Low,Safe,V0161,2023-01-15,Kozhikode
D0240,Sanjay Nair,DL14431180,MCWG,13,Medium,Normal,V0343,2018-11-12,Palakkad
D0241,Vishnu Babu,DL41050162,MCWG,9,Low,Safe,V0159,2019-11-06,Trivandrum
D0242,Rohit Das,DL73694475,HMV,13,Medium,Normal,V0244,2023-10-16,Kochi
D0243,Akash Menon,DL30803480,HMV,16,Low,Safe,V0464,2019-01-27,Thrissur
D0244,Akash Kumar,DL48180031,MCWG,6,High,Aggressive,V0158,2018-01-15,Kochi
D0245,Akhil Pillai,DL69377519,MCWG,13,Low,Safe,V0172,2021-04-05,Palakkad
D0246,Arun Das,DL72487474,HMV,2,High,Aggressive,V0201,2018-03-19,Kozhikode
D0247,Sanjay Varma,DL36874472,LMV,7,High,Aggressive,V0097,2021-10-23,Kozhikode
D0248,Rahul Joseph,DL13164088,MCWG,5,High,Aggressive,V0165,2021-03-22,Trivandrum
D0249,Rohit Varma,DL36134080,MCWG,15,Low,Safe,V0365,2019-05-28,Kochi
D0250,Akhil Babu,DL36763589,LMV,19,Low,Safe,V0355,2019-12-18,Palakkad
D0251,Rahul Kumar,DL16687643,MCWG,5,Medium,Normal,V0128,2024-09-18,Palakkad
D0252,Akhil Joseph,DL40544140,MCWG,7,Medium,Normal,V0013,2022-04-17,Trivandrum
D0253,Vishnu Menon,DL26190095,MCWG,4,High,Aggressive,V0186,2020-05-13,Palakkad
D0254,Nikhil Kumar,DL90619105,HMV,19,High,Aggressive,V0177,2018-11-28,Thrissur
D0255,Anand Varma,DL12750049,MCWG,12,Low,Safe,V0380,2018-03-28,Palakkad
D0256,Sanjay Kumar,DL84948166,LMV,7,Low,Safe,V0131,2023-01-12,Kozhikode
D0257,Arun Pillai,DL53940783,MCWG,16,Low,Safe,V0286,2019-06-18,Kochi
D0258,Rahul Pillai,DL85492469,LMV,3,High,Aggressive,V0245,2018-08-26,Palakkad
D0259,Nikhil Kumar,DL13186643,LMV,13,Medium,Normal,V0271,2019-04-06,Kochi
D0260,Akash Babu,DL69037542,HMV,1,Low,Safe,V0037,2020-05-18,Kochi
D0261,Vishnu Kumar,DL47612406,HMV,17,Medium,Normal,V0379,2023-10-19,Kozhikode
D0262,Vishnu Nair,DL84732802,HMV,13,Medium,Normal,V0361,2019-09-05,Palakkad
D0263,Anand Nair,DL14914237,LMV,5,Low,Safe,V0117,2018-03-12,Trivandrum
D0264,Akhil Das,DL79619926,HMV,18,Medium,Normal,V0476,2023-07-20,Kozhikode
D0265,Anand Varma,DL81973037,HMV,12,Medium,Normal,V0158,2025-02-24,Trivandrum
D0266,Sanjay Joseph,DL31219898,MCWG,1,Medium,Normal,V0431,2021-09-13,Kozhikode
D0267,Akhil Joseph,DL14365447,LMV,10,High,Aggressive,V0273,2023-10-18,Kochi
D0268,Arun Pillai,DL96077984,LMV,6,High,Aggressive,V0089,2020-04-14,Trivandrum
D0269,Sanjay Varma,DL84433075,LMV,8,Low,Safe,V0133,2018-08-23,Kozhikode
D0270,Rahul Joseph,DL46411813,HMV,15,High,Aggressive,V0420,2024-06-16,Thrissur
D0271,Anand Nair,DL43276287,HMV,3,Medium,Normal,V0069,2019-06-18,Palakkad
D0272,Vishnu Varma,DL27580182,HMV,5,Medium,Normal,V0269,2024-02-14,Thrissur
D0273,Vishnu Menon,DL67263034,MCWG,19,Low,Safe,V0115,2020-05-08,Palakkad
D0274,Akhil Pillai,DL94735101,LMV,19,High,Aggressive,V0244,2021-02-25,Kozhikode
D0275,Anand Menon,DL17241757,HMV,17,Medium,Normal,V0092,2025-09-26,Trivandrum
D0276,Manu Menon,DL69800747,MCWG,3,Medium,Normal,V0114,2021-04-17,Thrissur
D0277,Akash Joseph,DL65235155,MCWG,12,Medium,Normal,V0242,2018-08-25,Thrissur
D0278,Rahul Kumar,DL23167431,LMV,14,Medium,Normal,V0322,2024-09-04,Thrissur
D0279,Sanjay Das,DL95576405,LMV,15,Low,Safe,V0176,2022-01-10,Kochi
D0280,Manu Pillai,DL93774127,HMV,20,Low,Safe,V0340,2019-03-06,Thrissur
D0281,Anand Menon,DL75451012,MCWG,15,High,Aggressive,V0312,2025-11-08,Kozhikode
D0282,Rahul Menon,DL53623291,LMV,7,High,Aggressive,V0020,2019-11-08,Kozhikode
D0283,Rohit Joseph,DL86099689,MCWG,19,Low,Safe,V0323,2022-02-10,Palakkad
D0284,Vishnu Babu,DL45287350,MCWG,9,Medium,Normal,V0079,2020-09-15,Thrissur
D0285,Anand Joseph,DL41271727,HMV,6,Low,Safe,V0177,2021-04-02,Trivandrum
D0286,Akash Pillai,DL51514297,HMV,16,Medium,Normal,V0027,2021-11-24,Palakkad
D0287,Arun Babu,DL69283727,LMV,1,Medium,Normal,V0333,2021-03-11,Kochi
D0288,Akhil Das,DL61082042,MCWG,4,Low,Safe,V0491,2019-07-14,Kozhikode
D0289,Vishnu Pillai,DL55605232,HMV,9,Medium,Normal,V0199,2023-02-22,Palakkad
D0290,Arun Pillai,DL49741339,HMV,17,Medium,Normal,V0155,2025-07-22,Kochi
D0291,Manu Joseph,DL56496161,MCWG,14,Low,Safe,V0044,2021-10-16,Thrissur
D0292,Manu Kumar,DL37807887,MCWG,3,Low,Safe,V0301,2020-01-28,Trivandrum
D0293,Sanjay Das,DL85612739,LMV,20,Medium,Normal,V0154,2023-05-16,Kozhikode
D0294,Nikhil Menon,DL97716246,MCWG,20,Low,Safe,V0102,2019-04-23,Kochi
D0295,Arun Das,DL51061007,HMV,9,Medium,Normal,V0302,2025-07-26,Palakkad
D0296,Sanjay Joseph,DL12958955,HMV,15,Low,Safe,V0481,2024-11-06,Trivandrum
D0297,Anand Nair,DL93323253,MCWG,4,Medium,Normal,V0100,2020-06-15,Trivandrum
D0298,Akash Nair,DL99588508,HMV,15,Low,Safe,V0215,2018-08-02,Palakkad
D0299,Nikhil Kumar,DL39247089,LMV,4,Medium,Normal,V0114,2024-09-10,Trivandrum
D0300,Sanjay Pillai,DL36250523,HMV,3,Medium,Normal,V0402,2025-11-23,Palakkad
D0301,Nikhil Das,DL22119918,HMV,13,Low,Safe,V0093,2018-01-19,Palakkad
D0302,Sanjay Menon,DL40189598,MCWG,9,Medium,Normal,V0376,2022-08-23,Thrissur
D0303,Sanjay Babu,DL27091936,HMV,13,Medium,Normal,V0381,2025-06-12,Thrissur
D0304,Arun Das,DL77616275,LMV,4,Medium,Normal,V0279,2019-05-05,Kochi
D0305,Manu Pillai,DL50621561,HMV,14,Low,Safe,V0260,2019-11-24,Kozhikode
D0306,Vishnu Varma,DL15012001,MCWG,17,Medium,Normal,V0195,2020-08-24,Thrissur
D0307,Manu Babu,DL96419631,LMV,8,Low,Safe,V0123,2021-03-04,Thrissur
D0308,Akhil Kumar,DL75572963,MCWG,8,Low,Safe,V0140,2020-04-24,Thrissur
D0309,Nikhil Pillai,DL45901214,LMV,13,Medium,Normal,V0161,2019-12-18,Palakkad
D0310,Akash Varma,DL71200865,MCWG,12,Medium,Normal,V0474,2025-07-06,Kochi
D0311,Rohit Joseph,DL81052745,HMV,17,Medium,Normal,V0112,2019-08-27,Palakkad
D0312,Vishnu Kumar,DL29859256,LMV,12,Medium,Normal,V0354,2023-11-14,Kozhikode
D0313,Anand Pillai,DL58789238,LMV,17,High,Aggressive,V0404,2019-12-04,Kochi
D0314,Nikhil Pillai,DL43630412,LMV,16,Medium,Normal,V0282,2024-04-15,Kozhikode
D0315,Anand Varma,DL96138068,LMV,19,Medium,Normal,V0013,2020-06-12,Kozhikode
D0316,Akash Menon,DL22677718,MCWG,9,High,Aggressive,V0050,2024-03-21,Trivandrum
D0317,Nikhil Das,DL19736209,HMV,13,Medium,Normal,V0261,2023-10-15,Kochi
D0318,Rohit Joseph,DL32281578,LMV,11,Medium,Normal,V0463,2022-10-18,Thrissur
D0319,Vishnu Menon,DL38895440,MCWG,11,Medium,Normal,V0077,2023-07-05,Thrissur
D0320,Nikhil Nair,DL23183719,HMV,13,High,Aggressive,V0248,2025-01-02,Trivandrum
D0321,Sanjay Menon,DL26368664,HMV,5,Low,Safe,V0213,2021-01-12,Kozhikode
D0322,Nikhil Joseph,DL89997401,LMV,3,Low,Safe,V0235,2020-11-20,Palakkad
D0323,Manu Kumar,DL20602315,HMV,16,Medium,Normal,V0292,2024-04-02,Kozhikode
D0324,Rahul Menon,DL96198152,LMV,20,Medium,Normal,V0126,2021-04-12,Thrissur
D0325,Rahul Varma,DL71741121,HMV,9,Medium,Normal,V0452,2020-02-02,Palakkad
D0326,Manu Das,DL68477387,MCWG,8,Medium,Normal,V0282,2025-04-11,Thrissur
D0327,Akash Das,DL31214097,HMV,7,High,Aggressive,V0355,2025-01-16,Thrissur
D0328,Sanjay Nair,DL35304455,MCWG,17,Medium,Normal,V0246,2021-11-03,Thrissur
D0329,Vishnu Nair,DL95221265,MCWG,17,Medium,Normal,V0492,2021-11-16,Palakkad
D0330,Sanjay Varma,DL64866698,HMV,16,Low,Safe,V0202,2022-07-16,Kochi
D0331,Rohit Menon,DL70658584,HMV,6,Medium,Normal,V0453,2024-08-06,Kozhikode
D0332,Manu Nair,DL84338337,MCWG,12,Low,Safe,V0275,2023-12-21,Palakkad
D0333,Akash Varma,DL37266865,HMV,19,Low,Safe,V0100,2023-08-11,Kozhikode
D0334,Arun Varma,DL94950947,MCWG,2,Low,Safe,V0412,2024-11-01,Kozhikode
D0335,Manu Pillai,DL76231079,HMV,1,Low,Safe,V0370,2020-11-20,Kozhikode
D0336,Nikhil Varma,DL78363694,LMV,20,Medium,Normal,V0424,2023-11-19,Trivandrum
D0337,Nikhil Menon,DL34364561,HMV,6,Medium,Normal,V0314,2019-10-26,Kochi
D0338,Sanjay Pillai,DL68215799,MCWG,20,Low,Safe,V0373,2020-08-25,Thrissur
D0339,Arun Babu,DL73322310,LMV,11,High,Aggressive,V0449,2023-12-17,Kozhikode
D0340,Nikhil Joseph,DL42494203,MCWG,14,Medium,Normal,V0184,2022-09-22,Kozhikode
D0341,Rohit Babu,DL46006176,MCWG,9,Low,Safe,V0192,2023-11-16,Palakkad
D0342,Rohit Joseph,DL84195227,MCWG,17,Low,Safe,V0016,2019-09-07,Thrissur
D0343,Arun Pillai,DL57915165,HMV,19,Medium,Normal,V0225,2019-11-28,Palakkad
D0344,Sanjay Kumar,DL11254386,MCWG,1,Medium,Normal,V0455,2019-09-10,Kozhikode
D0345,Akhil Varma,DL43266631,HMV,2,Low,Safe,V0202,2020-06-24,Kochi
D0346,Manu Joseph,DL39770373,HMV,3,Medium,Normal,V0394,2025-11-02,Palakkad
D0347,Anand Varma,DL25626129,HMV,20,Low,Safe,V0335,2022-11-23,Palakkad
D0348,Rahul Das,DL98596543,MCWG,15,Low,Safe,V0351,2023-03-10,Thrissur
D0349,Akhil Nair,DL32230616,MCWG,6,Low,Safe,V0483,2022-06-15,Palakkad
D0350,Rahul Varma,DL35878751,HMV,11,Low,Safe,V0346,2019-07-26,Thrissur
D0351,Rahul Babu,DL90705217,HMV,9,Medium,Normal,V0134,2021-07-20,Palakkad
D0352,Manu Pillai,DL17506590,HMV,11,Medium,Normal,V0131,2021-06-27,Trivandrum
D0353,Sanjay Babu,DL83970171,MCWG,9,Low,Safe,V0102,2024-05-15,Kochi
D0354,Vishnu Nair,DL67271721,HMV,19,High,Aggressive,V0329,2019-12-17,Kochi
D0355,Akash Babu,DL25514717,MCWG,13,Low,Safe,V0108,2021-03-02,Kochi
D0356,Arun Pillai,DL55053890,MCWG,3,Medium,Normal,V0186,2019-06-20,Palakkad
D0357,Manu Das,DL17031506,LMV,17,Medium,Normal,V0186,2023-06-05,Trivandrum
D0358,Manu Kumar,DL61874128,MCWG,4,Low,Safe,V0356,2024-04-08,Trivandrum
D0359,Nikhil Varma,DL79732491,LMV,2,Medium,Normal,V0417,2023-06-20,Kochi
D0360,Rahul Babu,DL25314881,LMV,20,Low,Safe,V0033,2018-04-07,Thrissur
D0361,Akhil Varma,DL64953221,HMV,17,Low,Safe,V0248,2023-11-03,Kochi
D0362,Akhil Pillai,DL48692203,HMV,4,High,Aggressive,V0211,2023-05-20,Thrissur
D0363,Vishnu Das,DL30185747,LMV,14,Low,Safe,V0092,2025-12-19,Thrissur
D0364,Rohit Babu,DL37990739,MCWG,11,Low,Safe,V0027,2018-02-08,Trivandrum
D0365,Akash Menon,DL99446030,MCWG,11,Medium,Normal,V0110,2021-12-20,Trivandrum
D0366,Akhil Pillai,DL11437722,HMV,7,Low,Safe,V0202,2021-01-18,Palakkad
D0367,Vishnu Menon,DL68241184,HMV,2,Medium,Normal,V0366,2023-05-07,Palakkad
D0368,Vishnu Pillai,DL22725502,HMV,10,Low,Safe,V0094,2020-07-24,Trivandrum
D0369,Manu Joseph,DL67138560,MCWG,17,Medium,Normal,V0380,2025-11-25,Kochi
D0370,Akhil Pillai,DL78113770,HMV,19,High,Aggressive,V0358,2019-09-23,Thrissur
D0371,Akhil Das,DL56290526,LMV,2,High,Aggressive,V0450,2022-08-14,Trivandrum
D0372,Anand Nair,DL93168930,MCWG,4,Medium,Normal,V0366,2022-08-09,Kochi
D0373,Sanjay Pillai,DL80965417,HMV,17,Medium,Normal,V0099,2019-12-19,Trivandrum
D0374,Rahul Varma,DL69177773,HMV,7,Low,Safe,V0350,2019-09-02,Thrissur
D0375,Anand Menon,DL99816072,MCWG,8,Medium,Normal,V0490,2025-07-12,Thrissur
D0376,Manu Das,DL41568180,HMV,13,Low,Safe,V0430,2019-03-13,Trivandrum
D0377,Manu Joseph,DL63342087,LMV,1,High,Aggressive,V0428,2023-05-13,Thrissur
D0378,Akhil Varma,DL35667489,LMV,14,Low,Safe,V0432,2020-12-25,Kozhikode
D0379,Manu Kumar,DL22619882,MCWG,7,Medium,Normal,V0471,2019-08-18,Kochi
D0380,Rahul Menon,DL83577000,MCWG,18,Low,Safe,V0138,2022-04-14,Palakkad
D0381,Akash Nair,DL80410318,LMV,9,Medium,Normal,V0286,2018-08-01,Kochi
D0382,Arun Menon,DL79301721,HMV,2,High,Aggressive,V0093,2024-10-25,Kozhikode
D0383,Akhil Menon,DL17795446,HMV,8,Medium,Normal,V0165,2023-01-25,Thrissur
D0384,Arun Das,DL41174064,MCWG,17,Low,Safe,V0309,2021-02-06,Kochi
D0385,Rohit Varma,DL50684897,LMV,20,High,Aggressive,V0380,2018-07-24,Kozhikode
D0386,Vishnu Das,DL38779096,MCWG,10,Low,Safe,V0102,2025-06-18,Thrissur
D0387,Anand Nair,DL35084355,LMV,13,High,Aggressive,V0190,2019-06-07,Kozhikode
D0388,Vishnu Das,DL39255973,HMV,13,Low,Safe,V0296,2022-04-24,Trivandrum
D0389,Manu Kumar,DL84737646,LMV,3,Medium,Normal,V0020,2018-05-04,Kozhikode
D0390,Rahul Nair,DL27243435,LMV,11,Low,Safe,V0485,2020-04-01,Thrissur
D0391,Arun Varma,DL89802846,HMV,17,Low,Safe,V0426,2021-06-22,Palakkad
D0392,Manu Joseph,DL86589206,MCWG,15,Low,Safe,V0271,2021-04-14,Kozhikode
D0393,Manu Joseph,DL53729645,LMV,10,High,Aggressive,V0036,2018-07-15,Trivandrum
D0394,Rahul Kumar,DL14773430,HMV,10,High,Aggressive,V0083,2018-09-24,Kochi
D0395,Arun Kumar,DL43038337,HMV,14,Low,Safe,V0264,2024-08-19,Palakkad
D0396,Rahul Nair,DL81458930,HMV,15,Medium,Normal,V0089,2022-05-05,Palakkad
D0397,Rohit Kumar,DL34264838,MCWG,15,Low,Safe,V0109,2018-10-11,Kozhikode
D0398,Manu Kumar,DL58403240,MCWG,8,Low,Safe,V0159,2023-10-26,Palakkad
D0399,Rohit Pillai,DL19517964,MCWG,14,High,Aggressive,V0312,2025-05-27,Thrissur
D0400,Akhil Menon,DL17507891,HMV,17,High,Aggressive,V0356,2022-12-13,Kozhikode
D0401,Vishnu Varma,DL40139673,HMV,16,Medium,Normal,V0325,2019-06-15,Trivandrum
D0402,Manu Joseph,DL23772730,MCWG,11,High,Aggressive,V0185,2021-07-12,Thrissur
D0403,Sanjay Das,DL36655061,LMV,8,Medium,Normal,V0240,2019-10-18,Palakkad
D0404,Rohit Varma,DL55068299,LMV,16,Low,Safe,V0493,2025-08-12,Palakkad
D0405,Vishnu Pillai,DL95356308,LMV,17,Low,Safe,V0132,2020-01-07,Kozhikode
D0406,Akhil Kumar,DL10104634,LMV,15,Low,Safe,V0094,2019-08-02,Thrissur
D0407,Rohit Menon,DL69457372,MCWG,18,High,Aggressive,V0085,2022-07-01,Kozhikode
D0408,Akash Pillai,DL10932680,MCWG,19,High,Aggressive,V0220,2022-07-04,Trivandrum
D0409,Vishnu Das,DL65651736,LMV,1,Medium,Normal,V0149,2018-03-17,Thrissur
D0410,Rahul Babu,DL91341173,MCWG,15,Low,Safe,V0009,2023-08-03,Kochi
D0411,Rahul Nair,DL13792005,HMV,14,Low,Safe,V0038,2020-10-12,Kozhikode
D0412,Anand Babu,DL30547914,LMV,6,Medium,Normal,V0463,2025-04-24,Palakkad
D0413,Akhil Menon,DL32007325,HMV,14,High,Aggressive,V0081,2018-09-03,Trivandrum
D0414,Sanjay Babu,DL81533370,HMV,12,Medium,Normal,V0204,2023-07-27,Thrissur
D0415,Manu Babu,DL83661883,LMV,11,Low,Safe,V0094,2022-10-18,Kochi
D0416,Rahul Nair,DL57539943,LMV,9,Low,Safe,V0026,2024-06-27,Kozhikode
D0417,Vishnu Joseph,DL49610679,MCWG,8,Medium,Normal,V0108,2022-06-24,Kozhikode
D0418,Anand Pillai,DL21891469,LMV,5,Medium,Normal,V0188,2023-04-17,Palakkad
D0419,Sanjay Das,DL60928326,LMV,11,Medium,Normal,V0271,2019-08-16,Palakkad
D0420,Akash Das,DL16223939,MCWG,17,High,Aggressive,V0290,2025-12-05,Trivandrum
D0421,Anand Joseph,DL51417166,LMV,5,Medium,Normal,V0139,2018-08-09,Kozhikode
D0422,Arun Babu,DL15707185,LMV,2,Medium,Normal,V0355,2018-11-18,Thrissur
D0423,Rohit Joseph,DL30025871,HMV,1,Medium,Normal,V0178,2024-03-24,Trivandrum
D0424,Manu Kumar,DL48980569,LMV,2,Medium,Normal,V0252,2019-03-27,Kozhikode
D0425,Anand Kumar,DL27976722,LMV,18,Low,Safe,V0349,2025-01-21,Trivandrum
D0426,Arun Das,DL69032013,LMV,4,Low,Safe,V0466,2020-05-13,Trivandrum
D0427,Manu Varma,DL99697582,LMV,19,Medium,Normal,V0313,2018-12-05,Kozhikode
D0428,Rahul Kumar,DL36549958,HMV,1,Low,Safe,V0261,2019-07-05,Palakkad
D0429,Manu Babu,DL71402944,MCWG,20,Low,Safe,V0236,2018-07-04,Trivandrum
D0430,Rohit Pillai,DL88678031,MCWG,3,Low,Safe,V0312,2022-01-08,Trivandrum
D0431,Akash Kumar,DL61526699,MCWG,19,Medium,Normal,V0017,2018-02-23,Kochi
D0432,Arun Babu,DL55934487,HMV,19,Medium,Normal,V0194,2023-06-12,Thrissur
D0433,Sanjay Joseph,DL98817827,LMV,6,Low,Safe,V0274,2021-06-17,Trivandrum
D0434,Anand Pillai,DL64459376,HMV,3,High,Aggressive,V0229,2021-05-11,Palakkad
D0435,Vishnu Menon,DL58686045,MCWG,12,Low,Safe,V0300,2024-11-17,Kochi
D0436,Nikhil Varma,DL11921793,LMV,3,High,Aggressive,V0388,2018-11-14,Trivandrum
D0437,Arun Varma,DL37623038,LMV,12,Low,Safe,V0386,2023-03-06,Trivandrum
D0438,Nikhil Joseph,DL43552345,MCWG,11,High,Aggressive,V0223,2021-09-07,Kozhikode
D0439,Nikhil Babu,DL31823849,MCWG,10,High,Aggressive,V0189,2025-07-09,Palakkad
D0440,Rahul Pillai,DL68075060,LMV,6,Medium,Normal,V0320,2018-08-26,Kozhikode
D0441,Akhil Pillai,DL18269576,MCWG,15,Medium,Normal,V0387,2022-03-23,Palakkad
D0442,Akash Kumar,DL23216479,MCWG,11,Low,Safe,V0241,2019-06-01,Palakkad
D0443,Sanjay Nair,DL42600067,HMV,13,Low,Safe,V0021,2018-08-01,Trivandrum
D0444,Rahul Varma,DL96879707,HMV,11,Medium,Normal,V0162,2021-07-21,Thrissur
D0445,Anand Pillai,DL96477128,HMV,20,Low,Safe,V0288,2018-05-24,Palakkad
D0446,Rohit Joseph,DL57934891,MCWG,13,Medium,Normal,V0061,2021-10-13,Palakkad
D0447,Nikhil Joseph,DL96219767,MCWG,14,Medium,Normal,V0425,2019-03-07,Thrissur
D0448,Vishnu Joseph,DL74737725,MCWG,4,Low,Safe,V0283,2019-12-03,Kochi
D0449,Sanjay Pillai,DL46168576,LMV,20,Low,Safe,V0119,2018-04-26,Kochi
D0450,Arun Nair,DL30603032,LMV,16,High,Aggressive,V0291,2024-05-15,Kochi
D0451,Arun Nair,DL23886546,HMV,13,Medium,Normal,V0460,2025-07-24,Palakkad
D0452,Rohit Nair,DL14124354,HMV,8,Medium,Normal,V0348,2024-06-06,Thrissur
D0453,Nikhil Menon,DL80759031,HMV,20,Low,Safe,V0122,2024-03-02,Trivandrum
D0454,Rohit Joseph,DL44639449,MCWG,18,Medium,Normal,V0212,2022-08-11,Trivandrum
D0455,Nikhil Pillai,DL55144633,MCWG,9,Low,Safe,V0093,2019-08-21,Thrissur
D0456,Rahul Nair,DL74521042,HMV,16,Medium,Normal,V0167,2021-07-20,Trivandrum
D0457,Vishnu Das,DL16673233,HMV,1,Medium,Normal,V0358,2024-02-12,Kochi
D0458,Akhil Nair,DL28250901,MCWG,12,Medium,Normal,V0492,2024-01-24,Trivandrum
D0459,Vishnu Varma,DL74263505,MCWG,16,High,Aggressive,V0400,2024-12-01,Kochi
D0460,Rahul Nair,DL94635473,LMV,7,Medium,Normal,V0235,2018-08-16,Kozhikode
D0461,Anand Babu,DL89521445,MCWG,17,Medium,Normal,V0279,2022-03-10,Kochi
D0462,Rahul Babu,DL89351624,HMV,9,High,Aggressive,V0341,2022-09-01,Kozhikode
D0463,Anand Kumar,DL66514346,LMV,12,Medium,Normal,V0434,2021-12-11,Palakkad
D0464,Sanjay Pillai,DL17937084,HMV,5,Medium,Normal,V0037,2020-10-23,Thrissur
D0465,Anand Nair,DL96786721,LMV,5,Medium,Normal,V0031,2022-06-12,Trivandrum
D0466,Akash Nair,DL63151319,HMV,7,Medium,Normal,V0077,2020-02-10,Trivandrum
D0467,Sanjay Babu,DL25234347,HMV,17,Medium,Normal,V0116,2018-12-03,Palakkad
D0468,Sanjay Nair,DL86540404,MCWG,13,Low,Safe,V0406,2019-08-21,Palakkad
D0469,Vishnu Pillai,DL68970326,LMV,18,Medium,Normal,V0402,2023-07-25,Kozhikode
D0470,Vishnu Das,DL95477055,HMV,8,High,Aggressive,V0277,2019-08-03,Thrissur
D0471,Rahul Joseph,DL13433278,HMV,1,Low,Safe,V0266,2023-02-25,Kozhikode
D0472,Manu Kumar,DL42514639,MCWG,20,Medium,Normal,V0500,2023-02-24,Kozhikode
D0473,Nikhil Joseph,DL93389301,HMV,4,Low,Safe,V0202,2023-10-02,Palakkad
D0474,Manu Nair,DL77989902,MCWG,19,High,Aggressive,V0055,2022-02-18,Trivandrum
D0475,Rohit Babu,DL54660749,MCWG,8,Low,Safe,V0252,2024-11-28,Kochi
D0476,Nikhil Joseph,DL86746034,HMV,16,Low,Safe,V0355,2018-10-27,Thrissur
D0477,Nikhil Varma,DL74741403,LMV,18,Medium,Normal,V0440,2022-04-10,Thrissur
D0478,Rohit Varma,DL72977925,LMV,16,Low,Safe,V0293,2022-12-17,Kochi
D0479,Rahul Pillai,DL87012383,MCWG,2,Medium,Normal,V0103,2024-10-13,Palakkad
D0480,Arun Das,DL62281376,HMV,14,Low,Safe,V0159,2018-09-18,Palakkad
D0481,Akhil Das,DL37307479,LMV,6,Low,Safe,V0172,2022-08-13,Palakkad
D0482,Nikhil Joseph,DL96775093,LMV,16,High,Aggressive,V0211,2021-03-20,Trivandrum
D0483,Manu Babu,DL50132727,HMV,9,Low,Safe,V0226,2023-02-14,Trivandrum
D0484,Sanjay Menon,DL67590367,HMV,16,High,Aggressive,V0385,2023-02-06,Palakkad
D0485,Rohit Joseph,DL95876049,LMV,5,Medium,Normal,V0275,2020-04-21,Kochi
D0486,Rohit Varma,DL99655529,HMV,9,Low,Safe,V0146,2024-11-26,Trivandrum
D0487,Manu Pillai,DL68429193,HMV,7,Low,Safe,V0028,2020-11-12,Kochi
D0488,Rahul Das,DL49508006,MCWG,4,Low,Safe,V0417,2021-08-24,Palakkad
D0489,Arun Pillai,DL96722458,MCWG,1,Medium,Normal,V0018,2018-03-17,Palakkad
D0490,Akhil Joseph,DL99264953,MCWG,15,Low,Safe,V0042,2020-12-13,Kozhikode
D0491,Rohit Nair,DL17039866,LMV,13,Medium,Normal,V0189,2018-06-03,Trivandrum
D0492,Manu Menon,DL79255841,HMV,12,Low,Safe,V0033,2018-04-08,Kochi
D0493,Anand Nair,DL80792985,HMV,3,Medium,Normal,V0094,2025-03-07,Trivandrum
D0494,Rohit Joseph,DL55014980,HMV,3,Low,Safe,V0133,2018-10-10,Trivandrum
D0495,Arun Pillai,DL82601796,MCWG,6,Medium,Normal,V0061,2022-03-10,Trivandrum
D0496,Vishnu Joseph,DL38340826,HMV,17,Medium,Normal,V0019,2024-01-16,Kochi
D0497,Vishnu Kumar,DL93346222,LMV,2,High,Aggressive,V0238,2018-11-04,Palakkad
D0498,Manu Joseph,DL28668687,LMV,4,Low,Safe,V0061,2025-04-13,Palakkad
D0499,Rohit Joseph,DL80545322,HMV,12,High,Aggressive,V0418,2020-02-27,Palakkad
D0500,Rahul Pillai,DL58202650,MCWG,15,High,Aggressive,V0465,2019-09-26,Trivandrum
D0501,Manu Kumar,DL85103565,MCWG,1,Medium,Normal,V0438,2020-11-06,Thrissur
D0502,Sanjay Pillai,DL10758843,HMV,19,Medium,Normal,V0088,2024-05-16,Thrissur
D0503,Nikhil Pillai,DL43300792,MCWG,4,Medium,Normal,V0108,2019-06-18,Kochi
D0504,Arun Kumar,DL99809284,LMV,19,Low,Safe,V0053,2025-03-08,Palakkad
D0505,Rahul Menon,DL73630764,HMV,1,Medium,Normal,V0345,2020-12-23,Trivandrum
D0506,Akhil Joseph,DL67824026,HMV,10,Low,Safe,V0333,2018-09-14,Kozhikode
D0507,Manu Menon,DL76488489,MCWG,15,Medium,Normal,V0319,2018-03-09,Kochi
D0508,Akhil Pillai,DL53305022,HMV,5,Low,Safe,V0448,2019-10-12,Trivandrum
D0509,Anand Kumar,DL55305209,HMV,13,Low,Safe,V0028,2024-10-27,Palakkad
D0510,Vishnu Babu,DL80476060,LMV,4,Medium,Normal,V0388,2018-11-09,Kochi
D0511,Vishnu Kumar,DL31325888,LMV,15,Low,Safe,V0406,2023-03-18,Kozhikode
D0512,Sanjay Babu,DL59596076,HMV,16,Low,Safe,V0288,2019-09-24,Palakkad
D0513,Rahul Das,DL15833392,MCWG,10,Medium,Normal,V0396,2024-06-05,Kochi
D0514,Vishnu Das,DL14393528,LMV,6,Medium,Normal,V0219,2022-10-06,Kochi
D0515,Arun Das,DL88785572,LMV,3,Low,Safe,V0054,2020-11-27,Kozhikode
D0516,Anand Joseph,DL13801279,HMV,4,Medium,Normal,V0333,2020-05-27,Kozhikode
D0517,Rahul Babu,DL47322221,HMV,7,Medium,Normal,V0482,2022-01-02,Kozhikode
D0518,Rohit Menon,DL24553310,LMV,1,Low,Safe,V0164,2019-03-23,Trivandrum
D0519,Manu Kumar,DL91247126,MCWG,12,Low,Safe,V0499,2018-09-09,Kozhikode
D0520,Akash Menon,DL82127328,MCWG,4,Medium,Normal,V0120,2018-01-07,Trivandrum
D0521,Rohit Kumar,DL49471521,LMV,6,Low,Safe,V0041,2021-04-03,Kochi
D0522,Rohit Kumar,DL33684837,LMV,14,Low,Safe,V0182,2025-03-01,Trivandrum
D0523,Sanjay Kumar,DL17728945,HMV,14,Low,Safe,V0346,2019-12-25,Thrissur
D0524,Nikhil Babu,DL67801122,LMV,17,Medium,Normal,V0477,2022-11-26,Trivandrum
D0525,Arun Babu,DL89863731,HMV,2,Medium,Normal,V0181,2022-08-08,Thrissur
D0526,Anand Joseph,DL27702879,HMV,6,Medium,Normal,V0067,2022-10-19,Kochi
D0527,Nikhil Kumar,DL96733030,HMV,7,Medium,Normal,V0248,2021-01-26,Trivandrum
D0528,Vishnu Das,DL83966269,HMV,14,Medium,Normal,V0153,2021-11-13,Kozhikode
D0529,Rohit Nair,DL60569293,HMV,5,Low,Safe,V0388,2019-03-23,Kochi
D0530,Rahul Pillai,DL51664984,LMV,17,Medium,Normal,V0278,2018-03-07,Trivandrum
D0531,Akash Nair,DL92887318,LMV,20,Low,Safe,V0286,2021-12-27,Trivandrum
D0532,Akhil Das,DL80927301,LMV,13,High,Aggressive,V0320,2023-12-02,Trivandrum
D0533,Nikhil Babu,DL13470454,LMV,10,High,Aggressive,V0477,2021-07-24,Thrissur
D0534,Nikhil Babu,DL19674144,MCWG,13,Medium,Normal,V0123,2025-12-10,Kozhikode
D0535,Akhil Pillai,DL74223121,LMV,9,Low,Safe,V0321,2023-01-21,Kozhikode
D0536,Vishnu Babu,DL95453140,MCWG,18,Medium,Normal,V0181,2021-06-25,Kochi
D0537,Rahul Nair,DL76278732,LMV,8,Medium,Normal,V0256,2024-01-17,Palakkad
D0538,Vishnu Menon,DL94580863,HMV,14,High,Aggressive,V0179,2020-10-13,Kochi
D0539,Manu Das,DL84724327,HMV,11,High,Aggressive,V0147,2023-06-12,Kozhikode
D0540,Nikhil Joseph,DL88668608,MCWG,13,Medium,Normal,V0031,2023-07-10,Kochi
D0541,Akhil Kumar,DL96671504,MCWG,7,Low,Safe,V0216,2023-07-13,Thrissur
D0542,Akhil Joseph,DL92714257,LMV,19,High,Aggressive,V0427,2024-11-19,Trivandrum
D0543,Rahul Nair,DL33582486,LMV,3,Medium,Normal,V0369,2021-07-03,Palakkad
D0544,Akhil Varma,DL96062458,MCWG,19,Low,Safe,V0109,2021-12-26,Trivandrum
D0545,Anand Babu,DL35639784,LMV,18,Low,Safe,V0016,2023-06-27,Trivandrum
D0546,Akash Das,DL61087118,MCWG,14,Medium,Normal,V0148,2025-11-25,Kochi
D0547,Anand Pillai,DL78562841,LMV,16,High,Aggressive,V0470,2019-03-17,Kochi
D0548,Arun Pillai,DL92507319,HMV,1,High,Aggressive,V0036,2022-09-20,Palakkad
D0549,Akhil Babu,DL81697171,HMV,3,High,Aggressive,V0362,2018-12-07,Kochi
D0550,Akash Babu,DL51515505,MCWG,11,High,Aggressive,V0010,2018-03-10,Palakkad
D0551,Vishnu Babu,DL92286255,LMV,6,Medium,Normal,V0354,2024-07-25,Palakkad
D0552,Akash Babu,DL95275541,HMV,13,Low,Safe,V0272,2024-06-20,Thrissur
D0553,Sanjay Joseph,DL73802472,HMV,14,Low,Safe,V0244,2019-10-03,Palakkad
D0554,Anand Varma,DL18741621,LMV,6,Low,Safe,V0490,2023-12-09,Palakkad
D0555,Akash Varma,DL60591133,MCWG,19,High,Aggressive,V0052,2024-10-21,Kochi
D0556,Akash Kumar,DL60621247,MCWG,6,Medium,Normal,V0274,2022-08-21,Kochi
D0557,Sanjay Varma,DL14280420,MCWG,20,Medium,Normal,V0344,2019-01-16,Kozhikode
D0558,Anand Pillai,DL84280573,LMV,8,Low,Safe,V0359,2019-11-03,Kochi
D0559,Anand Joseph,DL48907803,MCWG,15,Medium,Normal,V0427,2021-12-13,Trivandrum
D0560,Vishnu Das,DL90486459,LMV,12,Medium,Normal,V0172,2019-12-25,Trivandrum
D0561,Akash Kumar,DL22282949,HMV,11,Low,Safe,V0048,2024-09-25,Kochi
D0562,Arun Das,DL10665544,MCWG,7,Medium,Normal,V0434,2023-07-21,Palakkad
D0563,Rahul Babu,DL74777519,HMV,15,Medium,Normal,V0429,2022-08-13,Kochi
D0564,Manu Menon,DL73731503,HMV,5,High,Aggressive,V0440,2020-01-26,Palakkad
D0565,Arun Nair,DL85527941,LMV,18,Medium,Normal,V0170,2022-12-16,Thrissur
D0566,Rohit Joseph,DL42769845,LMV,8,Medium,Normal,V0454,2025-03-19,Palakkad
D0567,Manu Joseph,DL30096125,LMV,7,Medium,Normal,V0156,2025-04-25,Palakkad
D0568,Rahul Das,DL94465556,HMV,17,Low,Safe,V0311,2022-09-18,Trivandrum
D0569,Rahul Babu,DL61560337,LMV,5,Low,Safe,V0221,2024-01-18,Palakkad
D0570,Akhil Nair,DL88326371,HMV,5,Medium,Normal,V0250,2018-10-09,Kozhikode
D0571,Rahul Das,DL53581645,HMV,5,High,Aggressive,V0478,2024-08-14,Trivandrum
D0572,Akash Joseph,DL35602567,HMV,4,Low,Safe,V0449,2022-09-13,Trivandrum
D0573,Arun Das,DL52216312,HMV,20,Medium,Normal,V0116,2022-01-14,Palakkad
D0574,Sanjay Menon,DL40562695,HMV,11,Medium,Normal,V0337,2018-04-12,Kochi
D0575,Akhil Menon,DL62565936,LMV,18,High,Aggressive,V0050,2019-11-02,Kozhikode
D0576,Manu Babu,DL96151820,MCWG,16,Medium,Normal,V0355,2018-01-28,Kozhikode
D0577,Anand Varma,DL68054763,HMV,8,Low,Safe,V0066,2022-09-09,Thrissur
D0578,Arun Menon,DL82248618,HMV,16,Low,Safe,V0439,2025-09-19,Thrissur
D0579,Nikhil Das,DL42213302,HMV,14,Medium,Normal,V0463,2022-10-17,Palakkad
D0580,Rahul Pillai,DL71016536,LMV,9,Low,Safe,V0101,2023-05-21,Thrissur
D0581,Akhil Joseph,DL76894461,MCWG,1,Low,Safe,V0421,2020-03-25,Thrissur
D0582,Manu Babu,DL36706335,MCWG,4,High,Aggressive,V0166,2020-01-07,Kochi
D0583,Anand Das,DL67990831,HMV,18,Medium,Normal,V0362,2024-10-23,Trivandrum
D0584,Anand Varma,DL87184669,HMV,14,Low,Safe,V0224,2025-07-07,Kochi
D0585,Akhil Joseph,DL96450584,LMV,20,Low,Safe,V0064,2018-06-26,Kochi
D0586,Akhil Das,DL40697467,HMV,13,Medium,Normal,V0189,2023-08-03,Trivandrum
D0587,Arun Pillai,DL46617118,HMV,2,Low,Safe,V0069,2019-01-02,Trivandrum
D0588,Sanjay Kumar,DL97501642,MCWG,7,Medium,Normal,V0370,2018-02-10,Kochi
D0589,Nikhil Babu,DL86210542,MCWG,14,Low,Safe,V0432,2024-11-20,Thrissur
D0590,Rohit Menon,DL64264479,MCWG,17,High,Aggressive,V0097,2024-07-04,Kochi
D0591,Manu Babu,DL66095870,MCWG,13,Low,Safe,V0262,2021-11-22,Kochi
D0592,Manu Joseph,DL96166630,MCWG,18,Low,Safe,V0199,2019-08-10,Kozhikode
D0593,Vishnu Pillai,DL10829732,MCWG,15,Medium,Normal,V0308,2024-12-01,Palakkad
D0594,Nikhil Kumar,DL33015447,LMV,15,Medium,Normal,V0194,2022-10-05,Kozhikode
D0595,Vishnu Das,DL10059020,MCWG,11,Low,Safe,V0261,2019-06-02,Trivandrum
D0596,Nikhil Joseph,DL24029529,LMV,11,Low,Safe,V0430,2024-07-02,Kochi
D0597,Sanjay Babu,DL89575868,LMV,17,Medium,Normal,V0303,2023-07-23,Trivandrum
D0598,Rahul Pillai,DL70637357,HMV,11,Low,Safe,V0180,2022-12-16,Trivandrum
D0599,Rahul Nair,DL36893293,HMV,4,Low,Safe,V0426,2025-10-09,Kochi
D0600,Sanjay Kumar,DL69087141,MCWG,14,Medium,Normal,V0210,2021-10-17,Trivandrum
D0601,Akhil Joseph,DL24917026,HMV,9,High,Aggressive,V0008,2018-10-11,Kochi
D0602,Rahul Varma,DL53208343,HMV,6,Low,Safe,V0391,2021-05-23,Trivandrum
D0603,Arun Menon,DL99574826,HMV,5,High,Aggressive,V0203,2019-12-06,Kozhikode
D0604,Rohit Varma,DL56599389,HMV,1,Medium,Normal,V0149,2024-03-03,Thrissur
D0605,Akash Kumar,DL81700559,HMV,16,Medium,Normal,V0328,2021-09-10,Thrissur
D0606,Akhil Varma,DL38584625,HMV,14,Low,Safe,V0264,2019-02-03,Kochi
D0607,Rahul Menon,DL62161164,MCWG,10,Medium,Normal,V0413,2024-06-07,Palakkad
D0608,Rahul Menon,DL56267300,HMV,12,Medium,Normal,V0093,2019-08-24,Kochi
D0609,Manu Das,DL99052230,MCWG,12,Medium,Normal,V0306,2020-01-20,Palakkad
D0610,Sanjay Kumar,DL61674825,LMV,8,Medium,Normal,V0453,2022-11-18,Kozhikode
D0611,Manu Nair,DL48097818,MCWG,7,Low,Safe,V0039,2020-07-20,Palakkad
D0612,Rahul Nair,DL20311070,HMV,6,Medium,Normal,V0366,2021-09-15,Kochi
D0613,Akhil Nair,DL44836608,HMV,12,Medium,Normal,V0365,2021-02-16,Trivandrum
D0614,Vishnu Nair,DL46370830,LMV,20,High,Aggressive,V0464,2023-05-07,Kochi
D0615,Arun Joseph,DL19824689,LMV,18,Medium,Normal,V0088,2021-08-21,Palakkad
D0616,Manu Varma,DL53256920,HMV,16,Medium,Normal,V0273,2019-02-21,Kozhikode
D0617,Akash Das,DL71563154,MCWG,2,Low,Safe,V0379,2019-11-14,Thrissur
D0618,Manu Pillai,DL39076675,HMV,8,Medium,Normal,V0449,2019-12-24,Thrissur
D0619,Arun Kumar,DL96325729,LMV,11,Medium,Normal,V0196,2018-09-02,Trivandrum
D0620,Vishnu Das,DL49072977,HMV,11,Low,Safe,V0291,2023-05-01,Kochi
D0621,Manu Joseph,DL85718425,MCWG,4,High,Aggressive,V0294,2021-11-23,Kochi
D0622,Akhil Das,DL39886379,MCWG,13,Medium,Normal,V0295,2020-03-10,Trivandrum
D0623,Rahul Pillai,DL29149625,LMV,1,Low,Safe,V0438,2023-10-24,Thrissur
D0624,Akhil Varma,DL12259739,HMV,8,Low,Safe,V0014,2025-11-23,Palakkad
D0625,Manu Pillai,DL69471973,HMV,3,Low,Safe,V0074,2022-07-02,Kochi
D0626,Rahul Joseph,DL45013896,LMV,5,Low,Safe,V0412,2024-11-16,Kozhikode
D0627,Vishnu Nair,DL67964339,MCWG,9,Medium,Normal,V0198,2025-06-20,Thrissur
D0628,Rohit Nair,DL30821683,MCWG,17,High,Aggressive,V0296,2019-10-05,Palakkad
D0629,Arun Das,DL96630205,HMV,9,Low,Safe,V0049,2020-01-04,Kochi
D0630,Akash Pillai,DL26108330,HMV,16,Low,Safe,V0378,2021-11-22,Thrissur
D0631,Sanjay Joseph,DL73266082,HMV,9,Low,Safe,V0133,2020-08-15,Thrissur
D0632,Akash Joseph,DL74581229,HMV,1,Medium,Normal,V0308,2022-06-07,Trivandrum
D0633,Sanjay Varma,DL49365657,MCWG,7,Medium,Normal,V0366,2019-12-18,Kozhikode
D0634,Arun Menon,DL35778382,LMV,15,Low,Safe,V0073,2024-05-15,Palakkad
D0635,Rahul Menon,DL71878083,MCWG,11,Medium,Normal,V0184,2024-01-20,Thrissur
D0636,Rahul Menon,DL45470456,MCWG,11,High,Aggressive,V0379,2022-03-06,Palakkad
D0637,Akash Nair,DL48240071,HMV,20,Medium,Normal,V0255,2021-07-18,Kochi
D0638,Nikhil Joseph,DL21779976,LMV,10,Medium,Normal,V0389,2024-09-24,Kochi
D0639,Arun Menon,DL72044493,LMV,20,Medium,Normal,V0019,2022-04-28,Palakkad
D0640,Manu Pillai,DL92956119,HMV,3,High,Aggressive,V0220,2020-05-26,Kochi
D0641,Akhil Menon,DL57050164,HMV,7,High,Aggressive,V0406,2018-07-15,Kochi
D0642,Arun Babu,DL99530138,LMV,9,High,Aggressive,V0327,2019-11-04,Thrissur
D0643,Vishnu Nair,DL12211283,MCWG,3,Medium,Normal,V0218,2020-08-19,Kochi
D0644,Akhil Joseph,DL14005323,LMV,7,Low,Safe,V0367,2025-10-07,Kozhikode
D0645,Rohit Babu,DL44992396,MCWG,12,Medium,Normal,V0154,2019-11-10,Kochi
D0646,Rahul Das,DL44414002,LMV,7,Low,Safe,V0097,2018-04-27,Kozhikode
D0647,Vishnu Kumar,DL74214609,LMV,6,Low,Safe,V0027,2020-11-18,Kochi
D0648,Akash Joseph,DL26554118,HMV,10,Medium,Normal,V0233,2022-08-11,Thrissur
D0649,Rahul Das,DL12871098,LMV,6,Medium,Normal,V0495,2024-09-22,Thrissur
D0650,Akhil Das,DL71444362,LMV,14,Medium,Normal,V0340,2018-07-08,Palakkad
D0651,Akash Babu,DL69831123,MCWG,4,Medium,Normal,V0452,2022-03-15,Palakkad
D0652,Akhil Babu,DL86818628,HMV,6,Medium,Normal,V0393,2022-04-14,Thrissur
D0653,Akash Varma,DL35739507,LMV,15,High,Aggressive,V0310,2025-10-21,Palakkad
D0654,Vishnu Joseph,DL42708970,HMV,7,Low,Safe,V0274,2020-07-03,Thrissur
D0655,Akhil Kumar,DL89001073,HMV,2,Medium,Normal,V0180,2019-05-21,Thrissur
D0656,Sanjay Joseph,DL52141146,MCWG,5,Medium,Normal,V0131,2025-02-13,Thrissur
D0657,Anand Babu,DL50512162,HMV,11,Medium,Normal,V0062,2025-04-21,Palakkad
D0658,Rohit Menon,DL51628166,MCWG,1,Low,Safe,V0304,2024-01-21,Kochi
D0659,Vishnu Varma,DL26523599,LMV,18,Medium,Normal,V0292,2025-02-03,Kozhikode
D0660,Akhil Nair,DL92004837,MCWG,8,Medium,Normal,V0042,2018-01-16,Kochi
D0661,Manu Pillai,DL14174989,LMV,3,Medium,Normal,V0016,2018-06-15,Kozhikode
D0662,Akhil Varma,DL52756686,HMV,8,High,Aggressive,V0300,2021-03-16,Kochi
D0663,Akash Das,DL44026985,MCWG,8,Medium,Normal,V0190,2020-10-28,Kochi
D0664,Vishnu Varma,DL58530744,HMV,3,High,Aggressive,V0025,2019-03-15,Kochi
D0665,Rahul Kumar,DL86683253,MCWG,6,Medium,Normal,V0090,2025-07-09,Thrissur
D0666,Nikhil Joseph,DL48801721,LMV,16,Low,Safe,V0253,2019-04-16,Kochi
D0667,Rahul Varma,DL96007273,HMV,17,Medium,Normal,V0494,2018-05-10,Thrissur
D0668,Rahul Babu,DL63381119,HMV,9,High,Aggressive,V0028,2020-06-06,Trivandrum
D0669,Anand Menon,DL53459621,MCWG,3,Low,Safe,V0241,2022-11-26,Palakkad
D0670,Akash Pillai,DL42186514,HMV,17,Low,Safe,V0322,2019-07-27,Trivandrum
D0671,Vishnu Menon,DL22238595,HMV,9,High,Aggressive,V0353,2019-05-02,Thrissur
D0672,Arun Babu,DL99344531,MCWG,7,High,Aggressive,V0172,2021-05-25,Palakkad
D0673,Manu Babu,DL51216793,MCWG,10,Medium,Normal,V0049,2021-09-01,Palakkad
D0674,Arun Joseph,DL97688360,LMV,9,Low,Safe,V0378,2019-09-10,Trivandrum
D0675,Rahul Kumar,DL22717307,MCWG,20,Low,Safe,V0387,2018-11-15,Palakkad
D0676,Rohit Pillai,DL85720895,LMV,4,Medium,Normal,V0375,2025-06-19,Trivandrum
D0677,Akash Varma,DL33418426,MCWG,17,High,Aggressive,V0157,2022-02-05,Kochi
D0678,Anand Menon,DL19438382,HMV,4,High,Aggressive,V0319,2020-06-16,Kochi
D0679,Akhil Joseph,DL50140836,LMV,3,Medium,Normal,V0236,2021-07-17,Trivandrum
D0680,Vishnu Babu,DL61970167,MCWG,18,Low,Safe,V0349,2023-12-01,Palakkad
D0681,Nikhil Joseph,DL99412658,MCWG,4,Low,Safe,V0115,2022-08-13,Palakkad
D0682,Akash Joseph,DL16376949,MCWG,1,Medium,Normal,V0499,2019-01-13,Kozhikode
D0683,Rohit Kumar,DL12883199,MCWG,20,Medium,Normal,V0389,2019-05-13,Thrissur
D0684,Akhil Nair,DL87789901,MCWG,9,Low,Safe,V0284,2018-06-15,Kozhikode
D0685,Nikhil Joseph,DL88178216,HMV,3,Low,Safe,V0409,2020-12-21,Thrissur
D0686,Rohit Das,DL28350335,MCWG,10,Medium,Normal,V0414,2023-12-23,Trivandrum
D0687,Arun Nair,DL83342186,HMV,1,Low,Safe,V0153,2019-02-10,Kochi
D0688,Nikhil Nair,DL33584742,LMV,15,Medium,Normal,V0222,2021-01-01,Kochi
D0689,Rahul Varma,DL88820416,HMV,9,Low,Safe,V0394,2023-08-03,Palakkad
D0690,Anand Pillai,DL98085176,MCWG,16,Low,Safe,V0479,2020-07-12,Palakkad
D0691,Rohit Kumar,DL38574024,MCWG,2,High,Aggressive,V0031,2018-09-10,Palakkad
D0692,Anand Pillai,DL67777561,LMV,16,Medium,Normal,V0030,2023-09-09,Kochi
D0693,Vishnu Kumar,DL89277150,MCWG,2,Medium,Normal,V0296,2022-08-22,Thrissur
D0694,Vishnu Menon,DL99962594,MCWG,9,Low,Safe,V0458,2025-07-08,Thrissur
D0695,Anand Pillai,DL24507851,HMV,13,High,Aggressive,V0440,2024-07-12,Thrissur
D0696,Akash Babu,DL85660409,HMV,1,Low,Safe,V0112,2023-11-19,Kozhikode
D0697,Akhil Varma,DL87310399,HMV,7,Low,Safe,V0159,2020-09-26,Kochi
D0698,Akash Babu,DL33003280,HMV,2,Low,Safe,V0032,2023-01-14,Kochi
D0699,Akhil Babu,DL63283475,HMV,7,Medium,Normal,V0270,2019-06-05,Trivandrum
D0700,Anand Kumar,DL38302926,HMV,1,Medium,Normal,V0339,2019-08-04,Kozhikode
